DROP TABLE categorias;

CREATE TABLE `categorias` (
  `idReceta` int(11) NOT NULL,
  `idCategoria` int(11) NOT NULL,
  PRIMARY KEY (`idReceta`,`idCategoria`),
  KEY `idCategoria` (`idCategoria`),
  CONSTRAINT `categorias_ibfk_1` FOREIGN KEY (`idReceta`) REFERENCES `recetas` (`id`),
  CONSTRAINT `categorias_ibfk_2` FOREIGN KEY (`idCategoria`) REFERENCES `listacategorias` (`id`)
) ENGINE=InnoDB DEFAULT CHARSET=utf8 COLLATE=utf8_spanish_ci;

INSERT INTO categorias VALUES("3","1");
INSERT INTO categorias VALUES("1","3");
INSERT INTO categorias VALUES("1","4");
INSERT INTO categorias VALUES("16","6");



DROP TABLE comentarios;

CREATE TABLE `comentarios` (
  `id` int(11) NOT NULL AUTO_INCREMENT,
  `idUsuario` int(11) DEFAULT NULL,
  `idReceta` int(11) NOT NULL,
  `comentario` text COLLATE utf8_spanish_ci NOT NULL,
  `fecha` datetime NOT NULL,
  PRIMARY KEY (`id`),
  KEY `idUsuario` (`idUsuario`),
  KEY `idReceta` (`idReceta`),
  CONSTRAINT `comentarios_ibfk_1` FOREIGN KEY (`idUsuario`) REFERENCES `usuarios` (`id`),
  CONSTRAINT `comentarios_ibfk_2` FOREIGN KEY (`idReceta`) REFERENCES `recetas` (`id`)
) ENGINE=InnoDB AUTO_INCREMENT=19 DEFAULT CHARSET=utf8 COLLATE=utf8_spanish_ci;

INSERT INTO comentarios VALUES("11","1","3","¡Espero que os guste!            \n\n            ","2020-06-15 16:54:38");
INSERT INTO comentarios VALUES("13","5","1","Ya la vi en otra página. Sé más original             \n\n            ","2020-06-15 16:59:40");
INSERT INTO comentarios VALUES("15","","3","Muy buena la verdad me encantó            \n            ","2020-06-15 17:41:18");
INSERT INTO comentarios VALUES("17","1","16","Muy simple pero eficaz. Buen post.            \n            ","2020-06-15 17:47:23");
INSERT INTO comentarios VALUES("18","5","16","Gracias!            \n            ","2020-06-15 17:47:51");



DROP TABLE fotos;

CREATE TABLE `fotos` (
  `id` int(11) NOT NULL AUTO_INCREMENT,
  `idReceta` int(11) NOT NULL,
  `fichero` varchar(200) COLLATE utf8_spanish_ci NOT NULL,
  PRIMARY KEY (`id`),
  KEY `idReceta` (`idReceta`),
  CONSTRAINT `fotos_ibfk_1` FOREIGN KEY (`idReceta`) REFERENCES `recetas` (`id`)
) ENGINE=InnoDB AUTO_INCREMENT=15 DEFAULT CHARSET=utf8 COLLATE=utf8_spanish_ci;

INSERT INTO fotos VALUES("11","3","./tmp/img_980602432");
INSERT INTO fotos VALUES("12","1","./tmp/img_997052568");
INSERT INTO fotos VALUES("14","16","./tmp/img_377090213");



DROP TABLE listacategorias;

CREATE TABLE `listacategorias` (
  `id` int(11) NOT NULL AUTO_INCREMENT,
  `nombre` varchar(45) COLLATE utf8_spanish_ci NOT NULL,
  PRIMARY KEY (`id`)
) ENGINE=InnoDB AUTO_INCREMENT=7 DEFAULT CHARSET=utf8 COLLATE=utf8_spanish_ci;

INSERT INTO listacategorias VALUES("1","carne");
INSERT INTO listacategorias VALUES("2","pescado");
INSERT INTO listacategorias VALUES("3","Verdura");
INSERT INTO listacategorias VALUES("4","Arroz");
INSERT INTO listacategorias VALUES("5","Fruta");
INSERT INTO listacategorias VALUES("6","Huevo");



DROP TABLE log;

CREATE TABLE `log` (
  `id` int(11) NOT NULL AUTO_INCREMENT,
  `fecha` datetime NOT NULL,
  `descripcion` varchar(200) COLLATE utf8_spanish_ci NOT NULL,
  PRIMARY KEY (`id`)
) ENGINE=InnoDB AUTO_INCREMENT=60 DEFAULT CHARSET=utf8 COLLATE=utf8_spanish_ci;

INSERT INTO log VALUES("51","2020-06-15 17:37:22","Se ha añadido la receta a");
INSERT INTO log VALUES("52","2020-06-15 17:37:46","Se ha eliminado la receta a");
INSERT INTO log VALUES("53","2020-06-15 17:43:24","El usuario admin se ha logueado");
INSERT INTO log VALUES("54","2020-06-15 17:44:20","El usuario Prueba se ha logueado");
INSERT INTO log VALUES("55","2020-06-15 17:46:40","El usuario admin se ha logueado");
INSERT INTO log VALUES("56","2020-06-15 17:47:37","El usuario Prueba se ha logueado");
INSERT INTO log VALUES("57","2020-06-15 17:47:59","El usuario admin se ha logueado");
INSERT INTO log VALUES("58","2020-06-15 17:55:17","El usuario Prueba se ha logueado");
INSERT INTO log VALUES("59","2020-06-15 19:20:50","El usuario admin se ha logueado");



DROP TABLE recetas;

CREATE TABLE `recetas` (
  `id` int(11) NOT NULL AUTO_INCREMENT,
  `idAutor` int(11) NOT NULL,
  `nombre` varchar(200) COLLATE utf8_spanish_ci NOT NULL,
  `descripcion` text COLLATE utf8_spanish_ci NOT NULL,
  `ingredientes` text COLLATE utf8_spanish_ci NOT NULL,
  `preparacion` text COLLATE utf8_spanish_ci NOT NULL,
  PRIMARY KEY (`id`),
  KEY `idAutor` (`idAutor`),
  CONSTRAINT `recetas_ibfk_1` FOREIGN KEY (`idAutor`) REFERENCES `usuarios` (`id`)
) ENGINE=InnoDB AUTO_INCREMENT=18 DEFAULT CHARSET=utf8 COLLATE=utf8_spanish_ci;

INSERT INTO recetas VALUES("1","1","Risotto de calabaza y champiñones","El risotto es una técnica culinaria italiana que tiene su origen en el noroeste del país, concretamente en el Piamonte, donde tradicionalmente había abundancia de arroz. Cuando se cocina el risotto, el arroz cuece poco a poco con el resto de ingredientes del plato, no por separado. Verás como en este risotto de calabaza y champiñones uno de los distintivos es el queso parmesano, fundamental en cualquier variedad de risotto.            \n\n            \n        \n        \n        \n        \n        \n        ","1 kilogramo de calabaza#1 Cebolleta#120 gramos de champiñón#60 gramos de Parmesano#1 chorro de Aceite de oliva#150 gramos de arroz blanco#1 pizca de Sal#1 pizca de Pimienta negra#700 mililitros de caldo de verduras\n\n            \n\n\n\n\n\n\n\n            \n\n            \n\n            \n        \n        \n        \n        \n        \n        ","Si no tienes caldo de verduras, puedes preparar uno mientras elaborados el resto de la receta. Para ello, pon a hervir unas verduras en abundante agua. Puedes incluir cebolla, puerro, apio y zanahoria. Deja hervir durante media horay pon un poco de sal.#Mientras se hace el caldo de verduras, hamos un sofrito con la cebolleta picada y un poco de aceite de oliva. Dejamos que se cocine durante 4 minutos.#Agregamos la calabaza pelada y cortada en cuadraditos. Cuanto más pequeña la cortes antes se cocinará. Ponemos un poco de sal y pimiento negramolida y dejamos cocinar hasta que comience a ablandarse un poco, unos 20 minutos#Es el momento de incorporar los champiñones fileteados y limpios a este risotto de calabaza. Dejamos cocinar durante 2-3 minutos.#Echamos el arroz, rehogamos mezclando bien con el resto de ingredientes y cubrimos con el caldo de verduras. Vamos moviendo el risotto de calabaza y champiñones poco a poco y dejamos que reduzca el agua#Lo importante del risotto es ir incorporando el caldo poco a poco y dejar que el arroz suelte el almidón y se cocine a fuego lento, pero siempre con líquido, sin que quede seco. El tiempo de cocción es de unos 20-22 minutos, dependiendo del tipo de arroz.#Cuando tengamos el arroz casi listo, ponemos un poco de parmesano rallado y movemos para que se integre su sabor.#Servimos el risotto de calabaza y champiñones con un poco más de parmesano rallado por encima.\n                                                                                                      ");
INSERT INTO recetas VALUES("3","1","Jamones al vapor","                                                                                            Los jamones al vapor, no confundir con los gambones o almejas al vapor, son una antigua receta de \n\n\n\n\n\n\n\nfamilia con origen en Albany, Nueva York. Al menos, así es en Los Simpsons. En el mundo real, \n\n\n\n\n\n\n\nes una hamburguesa de queso cocinada al vapor ofrecida en restaurantes de Conneticut.\n\n\n\n\n\n\n\n\n\n\n\n\n\n\n\nEsta hamburguesa no fue inventada por la serie, quien solo tiene el mérito de darle su \n\n\n\n\n\n\n\nnombre más popular. Generalmente se la conoce como hamburguesa de queso cocida al vapor o steamer \n\n\n\n\n\n\n\n(nombre que también reciben los barcos de vapor y las vaporeras u ollas de vapor). \n\n\n\n\n\n\n\n            \n\n\n\n\n\n\n\n            \n\n            \n            \n            \n        ","                                                                                            340 gramos de carne picada#110 de queso cheddar#2 rodajas de cebollas#1 cucharada de sal condimentada#1 cucharada de pimienta negra picada molida#2 vasos de agua\n\n\n\n\n\n\n\n            \n\n\n\n\n\n\n\n            \n\n            \n            \n            \n        ","                                                                                            Separa la carne picada en dos mitades iguales y dale forma.#\n\n\n\n\n\n\n\nCondiméntala a tu gusto con la sal y pimienta.#\n\n\n\n\n\n\n\nColoca una rejilla metálica en el fondo de la sartén.#\n\n\n\n\n\n\n\nAñade agua por debajo de la rejilla.#\n\n\n\n\n\n\n\nCalienta el agua a fuego alto hasta que comience a hervir. Entonces redúcelo a medio.#\n\n\n\n\n\n\n\nColoca las hamburguesas en la rejilla y cúbrelas.#\n\n\n\n\n\n\n\nCocer durante 10 minutos.#\n\n\n\n\n\n\n\nDescúbrelas para colocar el queso, cubríendolas entre 30 y 60 segundos para que se funda el queso.#\n\n\n\n\n\n\n\nAñádele los aderezos que prefieras\n\n\n\n\n\n\n\n            \n\n\n\n\n\n\n\n            \n\n            \n            \n            \n        ");
INSERT INTO recetas VALUES("16","5","Tortilla francesa","            La tortilla francesa u omelet es un plato elaborado con huevo batido y cocinado con mantequilla o aceite, en una sartén. La forma que adquiere durante el cocinado es similar al de una hoja redonda, extendida o plegada sobre sí misma. La versatilidad de este plato es tan grande que existen innumerables variaciones. (Wikipedia)                \n        ","            Para 1 persona:#Dos huevos#Aceite#1 pizca de sal#Pimienta                \n        ","            Prepara todos los ingredientes para tenerlos a mano, la sartén antiadherente y que sea de un tamaño no demasiado grande para que sea más fácil de manejar.#Comenzamos añadiendo los huevos a un recipiente y batimos con las varillas unos 15 segundos. Luego agregamos un poco de sal y pimienta#Añadimos el aceite a la sartén, y antes de añadir los huevos volvemos a batir los huevos durante 10 segundos, poco tiempo.#Añadir los huevos a la sartén.#Para cuajarla una forma fácil es ladear ligeramente la sartén, tal como si fuese un crepe, usando una espátula de silicona para ir doblando la tortilla.#Cuando tienes la textura más o menos deseada, levantamos con la espátula desde el borde y la vamos enrollando sobre sí misma por ambos lados. Gracias al uso de la espátula al ser tan fina no se nos romperá la tortilla al enrollarla (algo que sí ocurre si uses un tenedor o una cuchara de madera). Una vez la tenemos de color amarillo pálido, apagamos el fuego y colocamos la tortilla en un plato.                \n        ");



DROP TABLE usuarios;

CREATE TABLE `usuarios` (
  `id` int(11) NOT NULL AUTO_INCREMENT,
  `nombre` varchar(200) COLLATE utf8_spanish_ci NOT NULL,
  `apellidos` varchar(300) COLLATE utf8_spanish_ci NOT NULL,
  `email` varchar(200) COLLATE utf8_spanish_ci NOT NULL,
  `foto` mediumblob,
  `passwd` varchar(30) COLLATE utf8_spanish_ci NOT NULL,
  `tipo` varchar(100) COLLATE utf8_spanish_ci NOT NULL,
  PRIMARY KEY (`id`),
  UNIQUE KEY `email` (`email`)
) ENGINE=InnoDB AUTO_INCREMENT=8 DEFAULT CHARSET=utf8 COLLATE=utf8_spanish_ci;

INSERT INTO usuarios VALUES("1","admin","admin","admin@admin.es","RIFF\0WEBPVP8 \0*\0>a.G$\"!%sZ`	cn.o.C@{M	Z&(=cӮɋfXڠ~ߵ_=g/yE<κg^S(zcOo~~uZ\'ןͧoW>uO,;3_C??vG~vox}/ݯ#|S߰_E?x?Xz_va9q\'<d:^gVOj5۳ܛ9q/,#O2vKanR`vK＃](!+2}Mdf8[։!&pvzݶ7aBUzB;Ᏽ	Cu@ĕxI4*!%zUC@aš}Wai%];sf@gFDiF+Y3=&bn^8(УC\\\"*i{MbOa#zɁ^=vhҍAr\"eT=tSfRUџҶuFq.,zKA%7y#AN xnf~Nlkx+tf\"uok?+F!i5=^B7kwEnϞn?bw. Q/.M?XCichkԞL\n-#Mx%PPtg#81B??2PU%@\nb:uvSzӹ:.7E>cQKk8B5?|VRJ369\nW-M7^eahbB+\"zϿWĪ.lƭm7b鳅ۯ,P*ňt2/pdwY!\nؓKˬc\'Ϡmm3Y/wlsX*tF³KEͱjP.=Ϯ2`>4t\"^+w{<\'J..UqCs\"٭]sz/<Q3Kb$r4qXP|sxD}{	(q5My@GZ{̣iwM[V;әAaWYN=u\";\0Xl%c6j=u,\'kQ~9Q4i$1:K=άu\\:68VȢKXjQla9<aܵ1*F4; SyOd&{;}LR٩T:eՙ22}ff<ߞYj@?d:Ů?<kьKEi\'WpO0V;)Ȟ;pL:.0r@Yɪ*!^SÈ4ϗ:.9pUCKv4oh*AZ^	Yѩi(b-ߛJ1_Hj,Yб}2ʘɧSDy3*Hul~\'F98FG4wB3,hC1+rH^ZWxL?`%ӳ1bgtu}l<BD0S#\n*cf%\n?55:plkO:<z\"tŚFT_P=7SX=dN.戏|L곻]R:b-*V*	;Me+ٳ+}kg=w&\"ưZv)GbN<:.,l?n7fM`Z̻]O8+hEGE%vc$priaK?gT۷g,`FMֹ\0=WX637YCܜB?\n3!Y9f]uM5\\txLeKȵo\nqy?S\"z\\\"|׈!Pt݆n>[aؼ[Ęx1br$\0	O^{XndHlA>(St>:Ԝ--%rg\0a:S$<pn\\y5$ [`*`uiDcl\n{\0PdDbbW諆;qNzv&_@TW\0iO)Qj\"2jtyy`Dr R?\\Ĕ[2q됮4jui鍽~-VSKafRBϳMȾe$(/KW#ժ_p=fEf3)z1\"	YXVҡ+~w*|){S,FW]s&+؏]\"}cxKeDocEDd5hA H<4P],Zty\\ʳI\"=uI4n;8E \"!їa?l(D\npSpQ\nl\'rip*kaSGJ%B#_<\"-Ǯ<$$ywb{N5\ny\0Qef$f\0seQFr&tk3):CYXx\\3:DхAA=iqI66Eɯ\"3>LB5csP!2~4hyʹ)ϛ1yXYXGm!l2.ꨇqp]cvͤ\0Pf2<=I?XF _$Rq<GKßb>E~I@`)ݞi.g55}G]I\\:]IbM6>ՏQ27K1z\\V8NJO+ůy鏴CE:}oPDHyߙ*RQ(.Q\nH<7Rǥ1u&m\nf-V *lŶm:5\"&4XUS^Ïi5aVvu.\'mg;ǕeZ;2Gp, ȼy#T\\	KC>ݠ-KFY6ln3ԑ\0%Çx&<h\nAf@d˫nd;>VndduҮMBhETSaD!;-{$fGPW 3)ֽ?OO6ntGmc]QZUxk.1)%fdr,Y:jh=N@O!5X}\'pҹSiE>yǋ%xվK Bxi4B#%FoB9	y}kɹs\"u;ڊG:>uPAi;G~YA|Yvt\nךEtzZr=GV0	tFFXs|>uo?OunAq#HZ|K-Vc5^xM	$%j4A-~opVU%?x#0d5TͱNiD)hӬLQ\\EEۆĈ|^QRekown\"G|<?)=hvw	G}glȪdjJ.H>DJ\0m@9/Oc?nf\06^!vL!EP7n(*:+%ԢyȁkӼ{7Q?RQ)Dػ俣%2}_:ID\na)0B`Hz /{Yp՟W+_&ۇ\\uN,^vztc@mjS^b+~ZhT!ȝ:`$\nSЩzc(FMfW%q7U,naY\"R0Ȥy/<sv=mpnn]Ma?ŊL$*e\\Oe4Z:/o\\S~wmA/o><}|O<9C&ޕ8hs)yxѩX>}FCZE<a]@Ed)nZS9J{/\"|V_t*TAl·zWZ_LQ\'\'79Ulc~SA{f^b)Z5¾7ߝ(?CTK:kSYr{2pQTWπb#aDW<n-%Wd/jD |7nC˘g^9	o\'ǝ>\'.ޯ;Mi*k@e0U0gR\\];4Ã*!Xn%r	\0n\nߍA%wlфN]Y၏Rl{EgaF B34/XMWz_whJeA煻(VKrz5@B>ݗi8ޤO_KocV.\02x&5uhDW]HrmC-8rU\\u5<i!9dG/97-ҲȎ\n2W\\6\'C=_m1̐*1Ft^f C=@\0ة?AJVK,V&8%	^pk`-_+tRƝ406*?%gv!6wZjae%k0V:\0Bgkxt\'{=s6P^\'YԊV|\'Cww8&v&=ʹ\0SIx3>;qwDtL{VPN>6Mh9&OnHMaEZPJwG/-fgH`Jʘj\'V>1ԅ\"Fo&t-WUɞJmz4eV[s]n0ꀶ5:r\'	9s+axғGOwK8yZ\'pAop@)iіJSN}Jabc^Yy[sw)k7b5&s_Dk&nWpf6KuθLX,e9r-H+ݿmWAxWv bO7qxB+Y1lٝVQė5	ېDZ>/&k8Rl0P\nN*t6óXޓZ+@W	XXCg\0]4<QyeE%ߕ4;Χf)\"GPs0ڡYaCKMbT0	9&Pxyzyyd.\ntۤfpkι)pj{Qk8ƧUHg\0);nGܝԍx}/>c(Q	ul30gPCQ*3w|WČ囆=,uAYp/ƞUp+ܙn-FIݞHbKۙ^JQܦxr\'\0߮[׌f6%i0~]~OfɍT[\"x]	h\\8V>GVxT^Ͻfo\'*qo O$UgG?w2g2l<ɵ?pBe`njML:֙Ϥz%%}liRd\0I6\'jL7ł[!)ʍzR+:Mm=%[bu>u*}zM*LS9 t*4J*9dLWsỊjAtGJzm\'e0B\"_SNRR whຍ32Dkc/gu~7Ck\0NGVwY+;d()±&EGkme.!!t+h|bP=L5cao>3A)y;:έPF@pGB%d\"L~ENr,:0B }խ׿޿<k;X]`-c99#I( y|_|=:aP1\\ѩvKd%|0T?r0OxĻ+G=tqYmۉ\0=J~T=_G87QBvtjRDxX/>ap]xQmg1]:ojQ3)gi{]e,ɕӰ;A:W7AEęOxlT,]Gy:~6kd!Ѩ8HA\0(zҮX/z$?-_Z}H#@L1U)f(Y\n$%\n!خ*	xmڈF>b3hAI)(]m64aˇID[`Jǝ6`B*藙:A/noQ=ٱ;lX4Fxֿ\"ozMQƻqOb=͂Mkq~\\OE/BFrlpEyi4ETqc=7PEb42t@U931yI-C]_j\nVweo?wc\0섯֓Q~ov~wwhBQbHmџvIGAQaW{e+1\'oYůFQv֙ZJ<ߧՕv2δ0Fl߿IOPЧW԰\'wR7Fxm׎x7H3_kЯ][6b҅Oh4F́{}-g4V02Mha%cT#E;DLnfٞz,̢u#?7Pb2~I^Ğ*]_=-\'Z<4o{}3	;\n)6%`4咶wRdlFӐUƩy^f||mBBY+\no@\"&pDkxh|G1~LJ\"㒤2ZaG[oX?1irC^IS~@4I=O &Ur:),!wi{N	fceD/MdIܠ>1&^/~5xDMY+5Tld5wPd-\\?B	BFSxcR?cq5\nZ:B\"763Rx+*YU\"ob@_/Pڔ jbbl4c$]+z=\n6h$*/^W\'v٭.}r>\\q1cCgQy\n}]don$TnfF\\%\\X*⏐Oj=s\nihEϋ`_LIgzjkas؊b6_(c?\\q.K]\'n&nKXH`(3 l85}Nt0qN\"-9Fϕ6Dms(9(}gU\00:sc_exFܷꗜ |(G͔Z%Qh9V3q+KQGkCiK_c4Y$bqT`k4qr\02?7ny3L%e*lҝʚ=JӘxٷ[;[PWCZU(: \0M`(} G8*}ωx2%?W.8M{t/0 4UYXڗw2MD):pF}ǄwM8}Fe_n\"!b)rzRMyb\0̔Ie+1҆otǹ#L2Bbm>:jjñ)E{*zƎ\n?nƤ/ʃoߙ3ASJ=q8(LHO$\'Oֱ}6axG\n|(@\n%A9Y\0U߽G4\\L\0NC\'\"!nғ_gD$ѡipI>A9tCeEO&e^BDcX[nlL{l;:A	7`FBS֝\nӰCͣ(gaq&%jg7z_PjYz&3y 6`f1ԥ\nGcm3UQ&ⴖ$D&/F/\nk.	Dpأ3mnh9dĉ1^zaK-+~#zƺޱ.kvE)45#V@pt>fꮨ{ϫ7ET#&##Gd)P\0\\`rd6+nd>V~;80nx]utyQH)44\0#M_}|\'h7I,Â^\0\n祠vra^i[DGU!T0~KOJ^wry.:dr<l8k\0tyh(D#>%8^%,E_BﰺRf|y(v_^BnA:ZXsv&z)MK?tonE\'9T7qZzA,ݴ`.tH$2C.O5RueFs\'>\\,v6-ƽW;Ռvyd°.#w,9[LYVW`UJ1r5dL8irR&1t#}x&\0%Rf%t0!IkX+Ƶt)\'+E2c>+B7mꛢ:ůs^n2\0A]GxXPZhpcde\0;߄,:,ck¶]am\\AזCmT9!Lj-XtvV\noys%2i\'_V}K\'Y(䬑s#nG_^:{-NDpzLl6[s)<Tg؄]U)lZc԰1ڴ-P×ٙ3ĺCն\0]~~/7mM\0W֜%AUa1n,5\0-E0/بbX\"@)4+rЛAlѬӥΊyMN^\"8LzX}Lg0F$W \0o5r0!L^X|Po[	vAhXehSҰߝQ.cwT\0JF%I0I2np>9_TMmU=b̩\'kaM=@S2ܳz(%Ef94y~O/_>c%Yl\\!߮/XO,+z>cNmg?k*B@\'\'̝fg^j\0|ƈ6#	1pdxgw/U gmގGBkEa)L\"1]l@U?_\"tp*ͥvOp\nugIJΞ?Vvza Cf@DNb,Q\0)mB3gT1Qo(eh*mϑI9{^2!\0Sl[/[#\08uג{Fr]談54jPdSON6e\nnaA*|gԧտґ<YP+C\"#y*qcW-La-`G&9]6\\\"y\"\'r:J{wS`z0)d@}f	/_v^.8SMtJ\n7XefTa(p(xЃp8.cLLsgi7JtEE	3_&ޜ)0٥EYȭZe_ʃCnZڶ*V]v*M0E8I_X_dnqMΗfuI \0U^`$p;ӡ<.;`TY{Cދ;.>TLGb)m0fAPenfCE/N׆~aג_XUi{C0 RGx>c(e%Y1WcjvOdtJ$a<r@&Sc:\0x:yƘԵ}2 Rw\nSv`YxZ8ٝK]w=4٪-\\L	RB/+(:h\'+ʌvHe>hߎK(,=)!jdu(IDHgaN*rrl&rիU-֫c`z8`#]w\'0-Z@\"\n)+QEoE,֋ǥvBU\"pg\\͟߈5(\\Wo:2A<܌]\'.{߆H%QvSL!c5]̟{4Mci6Rn].vw4:4\'Srq6$E :c]8io`AIR8N~DR)w{FhB\"pq3PR\'c`qЫJD`1/ٞ)pT$q7LN2k.Ř.b T^wZy\"& .tv^aR5%^Lȑ9ZdCptE~Pe{1m:&cžǝB\"bbcsP|SH␖o1u\0 s\";[NA淋ivo~(oi>}pDQGZiq#նq/bF?I4DXI?_A6թVp5bS×u;$1,Q>2J)8%xFF9͆}AUcTbxCTV\\obz!\"&$f[e	qp\\a^zOUV$asc)(3 cK,?=Ox90^Rs3JiJ#7E;xDq;yL|b༣{M~?О&+4NJ]|SE?[43b#ICq:\n,?M˥kp.Wͳ$`J+#GYsT5?#ͱ ib9<Xp\"O)xr (8~=DZ=å)nXv.ֈƷp\'}[Q%^S>v[vXOǾ<փR#4)BOa]Ιs6S׎v)x\\M5%0|Zz~WSe#Dfx<Vxй>@ImMUt>}m+Al\\f۔tHH3\0Ov\0 b\'ٿd*aB,&-a+@2v|DI?uDݾGA\\d9BS¹*?OV X,r2}Y\0I0-b ķ8Jyooq<APAe\001vvU.c@-^R6JZ0=H,t\'>讐%b=o0amZ`TrRX	u8N0Fl?DrTɌjYif3h88+ }윘H+!B(.])Ccց~)2M1nq-ț/aEPtϫAvH[&igP)ubXؒ=O?Z<hnSl<\'7\0<INٲ5EفFV8`-$uXO6Vd5(ul%A^f\"RYa	Bfʣo&YJbf%?Z@wDQR۷<d 8IG}	Uƨmr+**=<T9^6S@\0\0,d@x&kB\'Jѥғ˗#JnCMp9Gv(I\\EDgQAVIHXҒt8aҗ	`?hv\n\nUël*ftq\n<he仿x<|)%.Vl=Dsv2-\nVu5\0$25q\0uAv?WI4|\"\"k>h,ܶf*3*GqSqg[XQ_KprT΀ӷMZ^mWpE\neɵ≮7Kʽ<Y\'&G2ޫŻsH,24kd`e zVAr߮DOƤ\\5֭jm݊E\n@uvbmV|i]s|y!_{QܚM:^@DUPV9sP2t1]尅<7ENCL	ώ,dgyYEWE\"\\%\0+F5\\8f<ۊwTjOEBor>9KX]i꒿]NW$ߐ\'\n+`S#!>f6w\n0^T^W_lƅﺭd?9)(PěIw!#=9)ʹ	~iVQsۨwOY\"8e_J|ǒ\nV\08v3|8-Y}(◥+;GoPuS>|n<F9*H*>	mok,󥲱ؼڎд57J7Mhߢ+Rwe~s#ZKҞ1xWiMG偾+L1;QCdH\n5auTG)p+$Ŭå7@â`{XXcJeX\0y[y_Td-~A}uޒ	.y|҂4s/&\"9)80lrI9Q\04*+Bԡ^{Fq\njG*P$OkCb(-mQ.e4RNj=QCӢqe%ˋT{\'Ѭ3,3DKҪ2}5\0Yu\0ANdt0|^!xpxUXtlz%0%2>;8zN0HwgJu&~}	^\nߦ|EjA!(ɹ<\0`MӸЂKGG)Ϗ#	)]x_^3;p}![o4hks\\+mIjWu23\"@֩ƴgG@geOSm*HdB#Rc/҆j GLOInςJTKxpIL21uiMre_aGw-P!?5-\\н.Re=U\'J<|r20g9	6)lin]L>k+lWNmd^%,.$QH	CTِ4iFQ (QUrIl%u4Jٚz&\n炒|FuI^q.|QSM\"f]6pj`(TSFIT4ÿL.`HcX*20L*܎ā5p&\n8fVZI5a0ĕ	 %a5\0qF>(2Ԩ#cA+þZRSvk\0z@zQOk6LRz鴮\0&b6:N}Ba;\"Gt*Dȸf0tQ*h \'Hت2-Vv)ӳOV)X\niei$2N%YM-Ǖxe걮0cC:Ɨ{Lf/ޮ9p,oYۆf.\nY[\"Ei*~KˠHB܆Jj-=A5Jm-dA]C1@(c}6\"?I#ʷU^@<ϋ(a$V16c͸fC}:Oar\n)׫c@6N>w TzYaxiVf(^Hz@dʖ6ǎCO-&#g1.ViQJmnVUH~B)\"pkVX\\٭IWy#!6q1B0o°*\")D\"X\\g$s=h LtwDl\"TP:|れj~E<f|KU,׹%@-	-<N,Ѱ_V,xTMqQQ1j4en^}JA?\'Hc}x\0Ϣ;EFx/ژFv2?J՜ӒbwOV/2@#p哪NrNk&,6o)vpM5SV87jnfqpd;}\'0#@h4rM\"58[;lQ=*a{{T9>եdwkfcJ~l`۷XC`&ȱ}i\n4Qmz7jvQ[s2k*+!l;SMK[qEUܦM*\noǍNf0>JT/ӼQ}\\#$Y;޻\0DxIX5H\\1C~8h$ƀg8[0qLf.uxS7^Z\".߫gFe|kȇƣg Βsb24 #,^UCCE$b; qՔrl3){gImwxFѝ7\\Pr(2a: JBoӴ53D*[o|8TOk~͘U~XO.T\"U1B\'kFNχSfI/7El\07{w`OԀG@y0Ys6tJ=k9*̯g&e|{GtsmՅmSuЭ/\0iW=\0|y>κ3Cg/ <iAPL#ۊbC+}lZrhpu>}p(db:Ww1{c3D!~3?,էWXl3o`DUSE[i5F~C&L\0݉TRv|%	<A%5a$5X7W̍At`O, SWġo;hŀjOh ?Ym7/ =F9}0YΘ~EɓH]`TG9 =44{w$Ї	2O7׃3od\0sPZicۻ	:\nfٳ3mEnxcrNFdA7G\']?jR8ur^,.^D:QMO, /ksEPDlEU§΍bHsߐkU$Z7JPFV9m4H,ǸnY I. *_#k/\\J Knky-ڷȀR<]+m(!<`JBr\0ܗf}v~z-7<|3i.ϙItH⻵b~;X	n_cP5V5:%xH1jӽ)Fc\"岳#ώsCuؗ\0 q.e/L7\'S9iLOgB.@ 2=>KPYp\'3ɯ	E~HԋOurʐ,DWzݵqDݎ!UdN.0<3a׉w\nb5Pa/a_?Nn,fzx\0sXi\0%zՑWh{Izfꡞ=YW)Y`/C[o;E6 b.OAZX@zX4^nbʥXQ^jpBb!ad1B*]T%T#{7tf0t)h\"pm,(th\0yY߅0c\"Sw`FtM73;Fd0gJ|5s&DKQ8m/@$TG]P>v>xrҦ*ىy~}jqD?K$0)=ʲ[ǚqQ.\\ƘÍv1bslE>5^7oK+	㈷7֘:hրGչI: D5\'iNnsEBl2	%;-pDDծ&rJBe˪wmׁ4Ҝ*+V\"HjQX)OFt.뇻4M<9;6-%e٠H?oBK?	٬StZ9x&[jKN1 Y8/N/ҏWYv8k94ihdz]dզ4>g0HCr#ƨ<(DGΗJ\'OT\06YuFa`:[8х:XG+l~ʨ~KlR8bգ3_R%	fg\014\0]gE!~c(p	#8T6izYǅF\'S^f5FWSGC0\'Jz2\'ПRޅ~.uWL4:IcQfc;}wLwYWCrpu^@<hbD;ւ8fpvE	]๞\\dp0RZիV2|>FX?O9Ʌ	^86Ti#\0{M/#o=>/ŨGw^3Y+K&T\n\"Xd2M-{%b7M0\0~09f0lz3KEh2e\'Y({锽J7\"7չʫh/š2xLHc\"Kqִ۪/WLnk,\'MQZ͡f|3j!bM|%c`B΁5B&dH]e7#\"r0, =?LHפ`5\"V%e2CܢGܪ7Vt1xJZZJ2sڋtU}}B+fCӑ3)%ق-p5T3Is2а]GuL	])qQҽgy0 LƘDq?\'cEYztTR#\0l q$Rrm5E?ab7|wʀ~e>:xCV`.m{(_ƜWЈ{A897\n;M%WGߪaʞH!rT]&ķbAo\"3u܏kxw]`5W.qSeW9ugdoU%N$8-]e\'$Vj2)_f܈[KQ=wj=(?{<Y}]u_gl76=0YBl<9Gh\0mOnܖ{G6wǰSݟ\'C?s⇀ +JcLdymkL]c5/(-|?Lt| 3O`%2@op8#:bvM$鼽5҉FјduPuǬ.kE[{-\'X@xC>[>qIv-8(Khk̍bƨ+o:\\mғ5O_ޓֳfW^s-Ne)8!ͫyW j0Ld_|$rFX޷*o:cR\"MJbe*1RȾ ]MĄ\"b%Vp[#@770A,lZօa¾~ŤǶEl?T@Y7Ё.*Kh_&(!	)Lyly)hx?ߴ]<,<b+kF@?u:)H3iOy#1IX69MDGm֦~v1Z̤}-ɲ+,pe#+ b<{{4=E>ȆEg\"`x::z;$ C)z5Jj\nrFK3<әa$xOK N&Zoj-lwfsKÛq|8)4\\A~<ԯ\n8NQUW֞^9eRXbnzsKCQ^M~%gX\\ܒ✬x{<,517}T{іJ[nR|>\nPe)6sS*q%c跌\\oeuݰ[5!)k.F)o[vUD%;ЮZm᮲eK[\\6oa}\\ĻKev09B=oumǻMq/8{~hZ<d\\{!{By~18:U|bOn藇!>@U<OFNO}+I[8(Pzi<VSI3q	t6,`yh2|m\nEl!6ˢԵ˃aJN54ԃ=fsl͢`]+6!.$4`m3)ڵy4b?1R-ڣՅB^cIKױn#{s99T\nٺx{FץaLJ,d1n1R_WM\'Omz$숰z_dUv|tdX}6hqY܃n 7wzz\'fѯG,֗GSH.fX.O82@sbvƩLkYs#a> qQ,֗Hir!eq&agKa!\0\0McboDw3?-2pOGη@aE>p,~BV=_-̌nbϼ!\0^VJRşnF;$#b5lB,Gi{8HFB\\TGM,ʉɨnҧt:T~BJ)g\n+Ep!lʐr^<+&;A܄\\oǮ\\bnplC6у+F8j̪$ w7i~U`g_f|6EF_vO#KThLVcUt͋Su\">ޝ1%>)ڿoc2tWShweZBgus*en.Eq(j|{VTG&\0%QrAT4nSN}IAɵVlHZh<}7\nuDJN1bA!R=MfꑷmԒ\\%go6lɑ\'.Qk`5 w	.ﶀ}is#V_,ʿd}fXL\ny-yU+X0~Al9AqLmЖfW⮏f!b=WyN2XzO8_tWwKv@9\\ǀJ?fYY7qKEfAB/Ua¹SW,YY|uSQt(`̂*<!r2Q+<@\\7D.8b0;(~6b`$H>/ۺRg::^nQ&ahy~<`jLcu3;=yϊ\"~Gw^jI~`yG$gB\0P0u  VʿhI4=fA\\!OGbO	h{»wkuEZE7Im<ٍ͘Ԉ殟^d/䴽RWI!-\';^TegE,u,OXH<:Y\"9^?:[3])>iWA,\"4+Ȥ2>\nX:^z_I.ٱ,$nLOpK~>I6SŖG؃ z\'\\`J0nxZϏE9$>Cc^!({8Xjeu0V}3-oB\0ެ7{|FS:Ѷ\0|&.e~Se),/oٗˆ;U)l;^\nWBhi.OuK붂AaJ|Vd]XD>R3,<tS7;R.&fZcΐfn\0Ia3j;n]4<NsϦ4Sȯ5(ǵKd*Oqw\n_=Π!\'$Qu&+$?[:Ӷ>#d]tzcQ0 l6n=:q\0p+L;CjgM  ~/]5襼LehtckCG\\\\|kHG5[$hG(&=\n	<!	T¦tnLu}Phrf˖rqbR(TdNtЛ5hKLy}\nH^v\0ڣ0l<\0 \"wYAܸoh]wT\'\0\'HeiͼYz7e֫Z稪bD[P#TxwbcU//Ez!zZ=+aNT^9gQ]fJȼ\nP.H@^+HMJ2m[5VUPDi`~gIr<\nn)H	[ɷ>8e\0]gOJ}}V$Xi3nDRf9gWUy(:[2CFe<*!I;LDDZD{<\n&%=c.hKS?$8i\n{2s@0̐ԩ#:BMupxUDz;_%Y/\\<$a ޓ޸!XjR0ƖM)[!nFK%B\'騗ʾeK@SJL쉭s^k6fKLUzmk^&0/$֙=+0{]Z4h_Gἕݠ&gنo3_blG:O];L$\\D38`Cx]UM@@^)q)[P[ِ:[RQ_J|E×dܦi!G僎و;\n59Yߵ1F:5u<kDEnYY\\ZH^Tީ\',D;8 p]X:Q:	#QDBl(	l!۳GyHޭdSJעǈZ:tU	\'E/bZM}\0y*eMx7bѿET85^p<x&dH+5gSv̚nx\"]ؖĤa{,pE܂\\O_m)k|>$y$8̋Oi}(+bͥnr꺖N;d{͜:N|\0LAg\\o^NO\0goA6(Ӧ*HnyBw17u]H]Tiz.j\'K=*N?uV|Q=R[<oDΆZ+\"S\\b>:P8Tiv[GˁY+N~cf;2E.=.F[#\'|ciᯩ,~lxCkNZc. r<IŅfs:ތkWͦe#-<L~Y`NLGWw|09ym36ŇX) Q\\E?uCÖ?u,۪ߎ1K٣מ;\0\0)eAuU6Ca{c#>DNW8g	=\0cèϩ	k]>̌=\'Gw?ؘd>J77f1+`_ewl),র@ڝw9(vo9V 6ZLI;)BĥrT$$Iq# _nHߊ[Xcj57sV؅bdp o*\"Fﺴ6\"6}S*,zBtxU8Y=v%tJVhpff^$xgqy	G*@ͲhJgj,7X6Ğ{X[3Ka;,#rk?f>i+Ǉ-\"k!r3h׭*sKГrP1^H,4o/0#E,kɃ?#Zn(0VVR|Anlc2}eNM[> =cі]D,x)\0t>xcϫ(:Y	QHѤR+AH-Kޏ{4N\'cFWo\nglu`FNcWe9vKtF]C|&Zu,!CMVT]q%}~D3*F;c hRN(y#XH]\nOanP1w!y~VbZU99r>d8#xZVӝ\0V}Kl}[QzclJ3S$d[xCwdRe#a]eN[0/ *A(QVPڠ0>LaJ$Or0\n.uuBe@\\h&R\nJЯ03W{Uhi6Y<(0k#Ö,3SS0v|;&\"	\"YlZCdY)G#Gc,&v#GZV$	FEӑv3zU&a^ꝇ\n^uU\":%\04G?e@%bu8szҍ%gd)==cDMфb\nnп^}|<f$b?ez}h m;ApToM*XT{Jj^*0o[{(6fR8W_^A.ߊp*p\n\\JL;c 俩wC|{Xs%;g\"^NXY%ʓ\n04j7RK1Tʔl/ᯆVVGhW\0g(1\"|5Z\0ш_ߦȺGGn%1%Э*Dt몫L9CmQKK\0&xfoՄݤ\\޽E$̜{xwѦyU[~au3Ftf6ug<<0>\'dW%gC}lҼ?9/(W8ahMf\0P~Qϰ9I*,f$lo-EӃܩ(Cɋl@k\"f;x_GOŻV?=5̘67s_aگԥ]L\0TLJ&K.<;\0x6\"Q&sS֣z2e$.AWDWI3WP_M$s	:?\nQ02( au7/->wO^_xm#o{%[KM&`3ȼc=s2[8騁=o8_GRz_nyIf>hΔO0 H]iC\n&\'E,+|ui{~YYv9WDaX_etکJ&I!-~\\=W_/+IiP{jBweN]%zi;STjSX?P/Y>M\n0MVͬSG45	FW욲c`E¦4\nB:fK6=a{/gְb*؉H:Bs%,S80\'g%MꁱL!3@InU^o51<t%JގXm6WAȺ)#F)5&`L`uz֓vV3}R˗Xfxa+P$@g_4x兀`O;6)=T\0sReak\\Cxf`v~@||_CK`P:b\nrTF<l#4N5H|XદzN4>kwp5P1wZU&\\]$h-,}0ӗ[ycML9Jˉ7n<N3P\'㐵d,խSB3*$;ϼm;y\\SQK9t];~jrWH̽|`wQ\"NFn9ug[wd.U33#I㭹	N }.\'`\0.!w+^\"PM1է_N:\\jXcb=,4JcڵxM)d9v80nW5uwF\\%~s(T\\{#u-+lRUzĖs%}y3)jHIU$RZ}!G36eY|e`y9Eo}`dcc1S$9y_DʿwH4Ӟʘ`8j\"WOMCW)yaXS9s(AϮi.Fl.;Ƭ(sXWͪuN|tg=*3?](\n\n#M2E~e#-V0C#vnJ-K\nz:O7;(@];OI5)/3uuݞJ!iqT	(@.Dڵe[7z(e2dk|h,Saԛ޵ҬZG[+ϐ!F<`r	1#Jߕ}2VT[Nt3v;\nc-e81\n:zт%@Sd5#柵x&q2\0fif@	翼p-5FIѫo0\'SEd28+0Y^	`z\"-w \n`k[)_ށA@|A<WS24L5WN[4\'Imz}X:\"E4Ko`hܬsmIs[\'Rm|ֳ(#ahf\'&zyHxK&Z~hW=X+	\\Pkޚ?;}39e=r_Zj~a~R-~9cMٺ~\n·[6v{]8\ni%tJG=,ieg(Bӊ5THPkmRSmϔuN`ښr6-zH=Jw]>4J4ðo,ؽ?UrV6r6,C?fY	RA$֝ϖTK)?/L*X?\0`[j\'>M=M)u(܅˰\0Fd;WyhN:_@l2;kjR*SwE솥W{+䦍!Q:(rVdy}{RXP#stX-FªgB֩=umoϣ`~b5: \0d\nV_\\MF+\"/<8QAOf(K\"L\\㷵Լ=V	p@xIt_u*ѳ4>CA=r?);\nɚut2~hR]Q|!hZK\'7:Q]>(ɣ Yi trGBړ(lG3ytW0@kjhِ%*Β2Hu\'Vw;ΩB,Y,咒(wO~X؝Ah ]E/^xJ[|ƞU@/qTqc!5ˑ\"jcr*+x@%\"SJ\0t2wi޺<Aq06pkf]t<w.hA\'f46qw	E<Lɬ^!|!y5הfqf^6مgsu~l\0d_`RfUg{o˰u$k^i=_[~bg\\v,SC^lP2zHcR|GƋ!CL?t}z0٭\"GOk՞;XS밆r5-#1G8%d6xʑ\0a(hWdHb3+MT$1x^#P\n*of_8!xra?.\'sqy~TBax3O\'lUI2J,0t{Q|2ld<ǥ2R0~E~h-1Y3Ӭce@6h F5~JNEX&?yCNcK*\0\'<Y_Nm%Oi;^[4K,\nscc\'ֳZ~A\0ͪI矋pW״A!Z ?!r`ZVҥwFq0+W.ZW|LD5HLAA~#>_#4e\\-\'-RT\'vR>S䧸w*iuG%۔uo|qЬW\'\0ޖ/f+獨h.ğ}s/Zdڄp!dA@C*+z9F3)	{s@!Q\'rC\"0OLj[h˶r+&Vv>\n\\i~^,n^ke]Tx\'Ӄ{&jA+mSad1MG7V蛺)R(^Oj-A%I閹_psԢ-h`|g{-3FC\",p,nMg^ĘlGuw,od[,-ЅkZTyufek-{>w{I5\\\\ȌiE2/%Ufi0^T	P\'_do]J18U35*-km቏mQ|L*tnΚUOTnn#Fg7`C\\3bHgJL<\'8ʤaogעncHoӡ;Ya\\6/U9ctyf*ٗӁx!;kE{v8dYK_qR-gX 	361tWq/dY7O~uW\0c~ȭ!!J>ɼR5|2;\0-eٺJ)A$C@D_{	<7mMOTw4q>fQɫrVnVL]V/:sjɑRۅFp<J5*xxTFf>yhuC,=]΋pdNG)QgJt%\n֌)dx:ȕe\\BAqP#p:qaߔ\\[.dۼoDq~9ٙW+$-Y`$(PY#jNdݵGPyU=ȁB.b_JӼ7pDA%e^A%ݭFɉц1͠mD\n8 GTQR+!`4@|KIey4TgI0^8^ljAPHY1$&ukp	h	K#t\\0 *T2I@lN\\և%D_<m~2rf?])\" bƵ{D	[AVhK!	1^C QY&ts6C;9gl¹U2-aa5EpXU6>鼘-3\'\'XVw;y/K=눔ݎKs5LnSEGШ<E<,˜.t\\!OTG:g5;¾-In`WT0m?\0\'/b0:^*nȩ$*0RGˈD`\\NJN-D_2\\W8+Pm Y#ojSQߜ2x)ѯTN|/MquBخܛښ+01\\&#\"pUsEMw8̙ۛDgͅ9\0uF}ǳFaP.2XOY\0ܟS]őD$<:+9M=*~Ź(X$R@9#d\'\0k]̤\"gǒ;c@y0Z>hVH>$R3tIϡ-,\\K?a= L\"獬 -v N/zVƹ\'A?Vຸ[;mӸ:W >ī^,g\"`!7R-Q.C8<w.QA騢[frUd Jv5RZ CN\nvаף\\=xc\nr]EfNW^2|%l(*Uʴ\\?-&ҏ!Fl ĨAT!&/j\'k]2\'BUorǔGqR@DwbF2dՍ!}laziCQx.KߜϔlD.ecok>LdC\0KrP*-凛m%XU+*Nܩx!\01Yո.8<U)jɇ_9I۝2KTʭ6z9;pU]z~!(3ˬ.[fx\0k9Ӭ}r sdN4\"QJ6kϜ%χ\"Tv\'ɋ$Er29hcm,qk&|NG{R[$>MIMZ̟	\0C?$[nXNP~gDt[<cV?zl?QI*Nd2Y8dԤZrޮy3C\nr{q=VvQ̄|#ЙRH*nS5#])ԑ]P!2wyۭyWW6kx|@\'uؿ34:Y7WwE#~VJ%Qg&cdk1S+VbKxP_:[zӎ[)$9\\Cp949{JNhϲĒ$\'n:b=tE,N8ج.z\n}n(~Nga)PCR}CfYV.LU,pMb\\d6-s?dao8m%\nv|\0ej\'D4N*}ݴG-R4k-Vx%cI+Q6Ds \'.kq[8	zn^աrVnV	eH7%|`.%VC9/ϡGZ\0lLQ(aϷբcE6n\nOGGhdcf}^];]S?7LkV4%рU 1[ץ̉GXQg	)*PF}U|`VDJSxn?;\\K9Zg;o ,|{c`\0`, \\Oq6#^yt2w_ DRǽ\'=,^.tذ<-bpj/g^ҝ?hbzOŭ^o>g龜\"FؐCbzO<lxy}Ɯ*v`;#ps?N.}sxA 8NnǗ^Y:.Wdshvwￍ,f !_)B_1Av;ēEIpE8F|04R0>#aJM:Jys;{I8Oԛ#98+~.xW!39m]/_h[)-#L2OHCPLNgܹ	g=J\\*Sedӄ4C!HcG]kArHa\\P!șЫ;8}3_ݭr>|uD𧻓E5S6) X ?%7B`ﻸrb6\0т}1MAݒb\0#,yD>A,5aO✎l{o.ޛNi\nlJs	\'WgD/+&v<uJ̾RQ&}t[/v}fП@vZ>w\"\n!uAOۅړ!ީ%G`qcQ¤t5qU%^Gw#[\nͨViG+,7Yb|z2jRkp\neG+J=`<P*vD%>ߩ!;LRQ01ӗ5l\'_mDft#nIZe\'\n;W1X޳A+&%!}khvڬJoWÇ\'[4l\'\0#(^jbݼ7?<PzSqAT؇0;9+Ւ!`97cDiDɧ89k+n$*䚛|OEޭ<wى_$\\awi\'!m#n<Us-g:~\nUv,w$ߏc[VEC2 {`\'@yyMDh@$dN:wLr4\nyK^;_NT7yNr	\07;&ME}QNR3pOSYi0[,;)4n?ѺZPO4hRwd꟨`r[!,B#C(tY`:^ 2|MdrQvTKM-5\"XnM>QokavRО`N\\Az)l:V/V;:-.`{{g])F}.HL}\'(Jy\nl~^7tζNu)1||XNb6@DC^Rya!\\DepFQ`AOu\nw!5Ql+	K\"s0ִ(CֱU糞77}t#Md\\/#BtQ_w?s>^Mʲ+]KmǸN3!쎪qUO;\nBʣHyd<LZ%Fgq4\0P{z7PNHۑk`́Dr^^._]#<{#s:up%lyoBAR\nPգo+ĥw.RCw*nJ>$F*\\Ug<	r`Z3`-Hs8ztVpC$Btu.T-g6j\':-gțK8IY%j՛bX@GW&*PHMXiEv&8S|_g\\U|}8Wt&Y	TZKQohcB[}{<V{OOI?ȠI]^O[Is1ܬU)r0fTJ*]* 9;O%D0ڣ8~/jw-]IRSg3X$S:ԉg0JnFz(v2g@HM	3YtT=ّ\0_AS?!.->$rӆMjKJBbv3<AH[P!ผAFH^F1᨞8ANFJb&Ú\nNpzb/o!P񫔥&rR:£Mnn_$\\9<#uuLPCf4~u(MHhc	\'mM|7=rTD?ֺzW_:u\n_lM\\݌g@x<S-I%9wMVK$}{gǀ0X~#plPZ@|De(3`*\\*\'\'_ⱗF	޶G\n,SܘV~!2cm@PMd{[h3v43/E`IV2#e[;yW=&+oo81c/%]2h}[O?-	Df XgÍOZXLDL|4]okee˭OD`c	rg@n9:W8P>VY1uamΈrGYN}̂PGZ$y2NӀv	D_M>HaO=o\0XI+Z/K6v~u7)#G(x #Jz|ܢ|T5tߡ!	|i^_.@Qv뷞Ac]wdƼIE sX9bɭ.\'j:InB*#<%6Ig%eb2\0zX>mfO3m@nTم!`s\nQ\\)]^P2ڇ0YDpj98_\\l\nWY+LQ;{s#7ۖJQasZ63uW[Vڧ^4llD}~˵B҂WBEհgI6k8+qaDL BU|PL5\0-i) 4zHrf聚4On!_wCso^oA7!sPO҆z6t([2U1P0@y{P;\'	H5_5VҴ,|<D`Oeau`6\nmBm@||f,n J~`d;?!5j	\0&!tl;&Pa0ggnT./x	^tѣh.hlؼqM\'m%$Ǧ\'Y,Jz@q@,`olJ#sCu9dGV_B4\nù?8GѾRzDX+hJJ<\"as/(<zEkN?\nNM07]$xs%6	}>M_d0Lj6=rDtΰÙ?yk(]--vD6ѭ t6ZD.N`È Lt 9Cɽxxy\n4u+_Z\n\nE~p~~нFBo%+&\"L\0feGx\\Ӗ]zH!\"!ecRDHy :Nf\0ɀGŎMbX.ʏya*;&tnd)QAi..#SpK ca|5@uc(kF: i}ӥ֯f>*<}@#o3Nbʊf%29~9.\\K{sBߊuMpE~k|7+I&;58\0Z_dD%9qj1ә	&D\'B+_`1_ۊ:mW	r@ҹ\'ï4ǥ1=V/VP/>%bI\nGU!	./lʀݎ6+\n({@<CNaMOo[N+ϊ Us8,~j6\'N_̒vzDrtY5}*J+(\0kH<8/jv/Qunm>b% cx2m!Ƕ9*9/Z*5Pt.Ea;:+P$~f>ZвYͳPiy{:\03EebmVRccDTO7c0]cJ{͗0:L-x\'\n#-fKX$x89amԁh[~*ʱi`KZ	h;أ{,qOP\nvPAL3\\e>&:%XD}qX%:ݪw\"NngKdt\n(aeo:*\0HR+b@l<fۓ	v.OL|0ӵ]8m15Y=mBYk9b趣؊4+LZiO%ȓ}oja0YJ2C0J^&5i>>x!Kw:%du̼*Q,wmP2XJF P}uQnW\"شY,.__~43.OTe+3]U0gR2wBLaN`@QMU|m(#MS|u̔\nc<I聓`Ze3H.z%(	Uo\0+Tu-ן[n斳ruܒ eƏEpZTl>DOv9-Tw;u6ЛdŭP1\"W_)CI\\gHsD5G\nB	V,%Aւ$v}۱Dyт$o$?R\0y>\0(Gb+Epxnx}jklІyr0tA5\0!ڷ3\"oNP0RJi5EϿTh梶̂\\gqiVT3_?.]Ǔs/255[i43z2)l\\Pį`ߧtaOh~A`iytҕrGm#}Z1⵼jׁmkSa\"ࠀj^	A=Փ+64aqNja8_J/:T!.Ľ|)ĉE[9)(sO?v!ECY%cMn\nmg3WT|{VބjRN[[ɿ9W/yMK	hNPNK0 0t)|L@^!.މқŬu얆ἲ[bp/B]u\\1Qk\nF$Nʹq|v:TW!@_Oc&wDufyg97~dyPaDLs7Bp5굪]_JZWgJp\"soT/v	L;Z0Awv%ƢeJ8fjvzb_<ARҨ?u$eu~@Q.W|Y8|,xh*b3PTHݭ;iF*/d_`2s~A}8kVY+$bavиN=%J}\nހi #S=E9f&bG%z52Hvϱ\0PI|]	zԗSbϗfc5ǋ;LPWyg0knĎXpycɇ4j_]:nZB\ncê.?IN(|ZŨj\"Z;RbzKyS2T]-dRjw٧eNf	ZM\"{q$)I1G2:i!?.\0dã~?j\'	 ~%V0տ8W6ڜ%MhV/aeD`A38DH+ef5[I1uEQqG0c,6+L୮іw௜cgj4/ׁyxSɈ7ۆi.W4CHsBxJFB*w.X\0_DRdaߝ;t؈DWaS|(o!:TujH8qμ8dpQtMʮH&xV-qT[qi#~x*ƞE\n=Z*Xam..o{ 6o8cFpXEnh?I4tQBtVdm֢c\\,WUuzy*0j(=n}ۥߪb&ll7.7x-	3{GI6w+!O}gv+iNQ]xOBf82֏Gb8up/w31y;C922Д>\\y8^f\0~u`#uAo?X{@Lˋ+Σ͞l@4nz\\W\nG3y*\\X˹\n#b|۸W	PJ][/ydNic}+AT͔?p\0Jr̩TY<@:%~6b<eP9/!t@,&8d\0aM[\0Mǚ6iՄ&72R@1\\5\\5ڢGRZTx23$\nX3E<Qp\0-/:$?|y}l߼+8K\0QRAU\'PJPو{ƘuC{\'3m?\\@p&TELxS[5)r\"Oq6|bo9>̹Yn/_v|m.U.w\\u*BUy>0w_{{\"9NXBKC%Vt$o@v)RQ\n/`޵E,ErzrY!t4GRc24MvvU6V%6,k͗ڀ2ߢVHAv-)N\"O%}՗G`/h&tqkN0IUMIf}ݣa[+[e˘,\nn/lkǅdkNw0,ZefNIKٛ]D\0B@\nj1WDCgމe[0+י]aT~\'59ۀ=v}H.⇐a&(RLaIdZ~r망R%I\0Z.}>J`މkAM`I[<Rh\nw1ahFT8[|7Ј:|ؔg}/ΖRcARcmt2`&W;a-c	PE+rjM	ƒ=#s<r*U7:l6(etRTЎ3jS|7E<P}!=s~39	^Oֿwx;l,lrQ̰,a`1J;hN>+ac*PiaPyH__*u}97V7׬@#d\'}5^H	c&<P\"ApTSEۯM 0zSe[PxYE;J$xS05ЪIIJ.aOe5\'\'zJI*X팮:oc̲Hơ-#0\0/2ƚCXb.me8RbzTbQI;\"g69C\\h¢TBBMr2n<9zM&:cV(A?:TĻ\nC_bq	vc܀j\'?[0zFcvNSiǽ0q7pE\n[=6F9f=NBF4r j\nsp@Aꈧ#ZX%}DUEA0ŮK}a\'\'c3{C0ʠLL8X8>v!}/m%x@QW۱Q\0|\nI8mYtFNs:0.\'FLK\n*VxJ]ntE?*ҳh~L/j!U[*l{_ˌh\"\0wdi*	(!KO%)-ϩ@ٻws}	T!̿!j_4eg\n3d4k#uۂ0/ƞ7A}dHQ.2d~ynM~I/Zn\'YZ|(⃾yTYqUJޱ Esǁ5˺z13{q14@[D(? mi/j76G*ao\nг1~?^XVWY\\;%c\n/c{>:ǌ·OB7E}߷F7ةi0G\0pEZPxtr*	&VbD\npQlcJLZVVsG;a\n{w1&s=MJ0A@pͥ0noǩ\"^Y+Q H\noNA3W6$\"(cP)۟2aLWܐn/?xȿEza\0\"}@zBInwC85.RpN#V\0p}2<o/#^v$O;_XnʮgC$\"RۉaO0|ب>e\"XrKN7F_ys;f~φȌo^-I;;Ye2?~6lkCkMqB2RYِ$?u_uW<Ǩb+.`,U%σr>puD;ibUqԤU[&ޘy+ԘMo9+??O_t}\'Bkq=eLd)OVb -$yYvAT}H~?aTQŁ^qrUf\0V s!)*Śc:le`r\" <nfloL	q4dIb>&#[)7$!.h\"|_z-ͤQ=@Ӈe#ǀN}/WJP/Bd5OpJ\n|vei\0v@gSCVONlB&\0ک5n#l[?Yy.:9_<e2_I<m2yhB_as6̀ߑHꗸ\'P5F[bp\\\"كB<Tj 3ZR{W\0pHGPϔZuSkǛfN	ឦAo0F)2lܰY,K	\\[U$9@\"R<yuF+6j8K}ݣ#S;h)k\"o{\"F`A//fyR\"ƀz-T%+0os#i\02j=8cE,oA=4ԍFdW}0Y*PdxZ8Fn)xZRl#|9qdW^>	~MZǬ2\"GzI+thT01:۷\"^c6͛[M4pDtu,yTt _IpMmΛ=I!)frDM\0\nyCLUD7پϨ]g+yAP`>tR-;B,===.^E@ɩ;sw\0tuD96ɊVhx$3YIۡ(jDcZJ!p+r(/jI0\n\nuw@:ĉ	+9u0VP3c_IϾn Of[{Ыi]bM)HɈo^nS:}n$`V4NdX?<ܐKA)+^W?:Vh.έ&zPAaFqApw*(ŷPx}-[&ӵ\"	[0V\0Nj)ZO	6<~K]rNؐޝٴW/Kծ.+YϾў\"V ԩ|k(8*rMVWXv\'PB1[xMpF/EԢQV!iRsJ,Ev|1	)h\".%H)F)1Ix\\|\0`\"D ՙّͰ\\ITnPΐmhwx25 up1WiwZMȟ*;ՙr*`S7b MJxYgOcH7_=M߮v5҅ovUّ\\SN2ԋz,#ƲmQ}MJzMi54\02ڨFs [ܡ͊LW`CiQ0f\nFIcyn$|<1>мH[g܄W@$e@*E:F+vFf2Z*9#&-Ad\"-K=#)W7pv,-QVeZ*lGl`ГoU15ؖ4|mJ&EBQUu`FiG=+J~RCDÒ2텤h#I.0(6A$V5X:zOh9|aB1̞D)F:l7Ge$3UR	Kǒ(WÆ8ɖРH$0eqO~3Ƿ2V.N#mпGN]16vܼi>BWغ>_4O;Hp0I\0U⛒<DvC<J5\"Oc$,k??XcVkks:kxs0]dIrBۇG쭠jt*>{}5C/Ιd gO)#jB|]ۖm`<>45Z?ε~Qte9\n)ҽ<_.l6K0物&;lmU\"&5vؖ]%.A)k?(DU鑼IT73Y$aIGq%&b(Cs:٬	{b%nr5TԴ<?4u<[gTi`[<qƥ[9An;m^\0{ࠧčߪ9EùT\nFrg\0`,PϖFw̕>swu?1AvXlB⦣6C~T)bO˨ &=>C`@VGgaJg]>n$GM	Sq5hk%݃EN8ѹ\"ȷYWY[;2\\i.ܭ%&#1UFZ\n]pr-p$	%qٮB[tD\0幆W|~$ {]5sጒ3NvA\0=ʱH \'.\nk$\nO1DA< %hXdBzST76_߂+`;&H4sn~\'I\'-7nn͸H?lbe~}~bM=Ƚ=AdSHʰ;抬[f[Z+`\0YOUCqH_lR>B|Z;mӡH -:.&	ζ	IrAAM!}BliQ6+^@hK^9So5KL%C[=D [V3ع^8teUSD麊ڙIwAB63M 0E~7Љ6#,tiW9KpHqD䓇 /S[hA+mA?:nD0C@^Jx\0J+rbZW_E(GPqV}#8i|` \\	E,)}SHs?PV+8#0^6ȷ1m-Ȋ\nbΝj%uN|aJ[\\^vHvɔ,[D[cVipKÚDlw#~wB3X(	XIp1GxTt~[Վ(h!C^`8gwT]7bBj%\"9\"=2rJșvPoN.\'-z|J^b*P@ߚTWFdrwyBRJo]	^]v·+=^fgYd\0u,bz:E[BjNՌQJ4)%fygI.ٚM\';xNkJ3h,7s:*Zts{ʖV6᭰*]U9Ge;4S݁̂6G[JWg?ca?+}e;FNHa7VLzjh.ƩS{\'G݀ݧ*)#aq.hp?={N,ǊBCwA($sLgpqNM\0rL[<, %t?SWi4|wQh/ G5ԎaB`)I^\0INٗjU+-&\0tC勃,;hSΆmjɦ5YQ[$S Hƿ^0K+idڽ!◽1pvv#8rZ\0[_R9|e<TjIΈח!H\\k\0K~+AwvV?2eyibʦ~O܎`N#F\0Yqrc%! cUSssB8r%ETzTo88@%\"Jh/UzŲ!1R;boW, t;-;8 XPk`yCTE6>M^Q/V acs`X+a .fHg+;>n11Q4KTDump^\08ŧߌ{\0G)$+\\WmbK8jKnZ5M?|TCeەFDB\0yLىm^{s;O`8MIIadh1=-$\\:\0fc`FGF.YlR$o7ex%h72vZ8c4ةb-&dŘaLJ/*lG(nPt*&^Z Fú8|*vuJ!gRiRxv\07Ld6wd0\'*fU/,5f%++DoҤQdA\n m{e!VP挑61C<||(19\0~-P%.,1|\\0K4rS盐/e\'_oYY<@+@U=lF@(aFd]pGZ\'fٿZ~Xӆl(XqHP,+k2mלӘ.Yg6[ Ojٍ&,BNxOxJ*eցA_G#\\a4=2s.)ِy\'2|H4Ӂm,$h*wBX+}r\01>è*}\0H_]\"\0ρ`$\'t&+@ق;ͧ@ϥmDʶ%&zwS+fIROnPC\0S]۽6:\n`-3s呲wH+yo@,7#Z^ўp֥)JNwX׶7(o7Q8BW)Wd[ׅ[ӏ:NܫeF$.,٦~ f)@yu~hdSMh5WGJ\\~}7Hcf4:g{Z0~)dY0	T1Dv-9UO-gŋ>7 E&Y&)u6f	IobwsѕJ5H4ð/ e0\ntq%%Ü/{2-eYrIQK!pi5%Qq1\"OOe[L|4NgD_6\"ĖHhTŔmac,<G\\bO弮ȴ񨁝cPV\"q(43z<(vm2F@M8؁0/\06c_4Ø\0堽}-[e\"߷90ć-E(+	o#8e3Zv@$Ɏ7v,de?et5>1cg+rd РF`OlY\0BvV 7ߚv]{o05={_Nϐ12z{Z$G|eW\0Cx;:jMc\0ݹcd8&d_$:u*POPo\0?Ŭa:\nhYpSPOj6:0㴢P&fx\np;XZ}Ŋ8 NyK\nu.\"+[Hd.(Yf\\\05(O&IЖř~X39`-˦?zAX7j.B~sh3	L{DD컞Lpu35&4`9.&]odwX+>F^\'gfbqJk$O-  bITƊE5ekWE\nyG	1?̡݂~[rW#9V42.|\'%\"j8*/)aΛ2Ƣe!TbVN\'6$$ZA\"&CDAaJgxupw;!}#/2\\9\\)!tZdr7Y)[mүC[p#xxs5@qnfQKQ~i#aܳ-M9)҈#ogtvA:4^ ٟ^gz}CYc0hxSrFr|bCH7g(jotȟj&HkUnv?/65J_֢)bU}Ш2 joVΎA6M$aI!7uZgFܪK&L `gmYX*= 4Zm/%e	]}l*3mBrPfၒۊ7apRdAL7WY>4P`@zw lNlA,a\"9ݘWZX1t6Xצ(sxXKl;ѵ\'Xjy2J$Gʥ1$m`R+7#P1TVOM\"Wa\'W{a͘c=?!LKHmTos2rvۀr\' xJ\0~D$j[Kn&󮛤A`2 {-0)h(aa8@2;!oʸ,&F \'jdZe6^#odi}DVĪ#w_$jOˮ\nڱM&:bD$LbX,PmkDxO	\".Sp4.Zs+KRnQ#6RΖ,lD	cG	ὫU%pcM~[{LؚMaiȟcU#ֈfkNHtAOYLv,FiblPgqtgP@DJ@	Gu~!vZAГRնExayYCmvEXgHSē}4Y^kj|q7GدO4Q[j)	8CyLJ0v}9l*<	rDCGOrmH\'vDq\"Gz%ɯy^VU&!DdIv	nlaQ?r4BNx~eqg怹cHcHӕhDdڜaVg7ۧ1{b}n#1:@z5\\ںeܲdYl|D+5X?ipZ3ne羵k9Ì\0ْ{5]֠pAX8,6\n\\gNzlMd̀OnաHm1a/[򠒂#uz3eZ=%xVHLNƯIͬ\nβ(!ESbʊdz\'+5ЏÔλv|HVEs?!q8{!,m[]U57NoiĽͽN#&[pcb&$xU1=?iw[^l?.*fcT<;QCfhꂢ;i&jE_~Nf9icPm7<	wXl)zo>^;R*OF⊱ŬY!0X C\nS[\\wНj>|AWz	yPtI^\"k& tq_F\")\nOt,4fb`4|wǧ&w0vs`3?~sLo<\'r=~_1\0]dPȥX>r?Ifg{,)k{rk49}(B|%Am1J|Y\0{,ؽr9:VFmqsrVG6ƈ쳞CAgYHizEhƲUv\\JFrՎNoo{tZ@.DJC7k\n#W >Pa~a07V?_9#OU4bMqG)gW8?m.Wж#L-1GwS[ykn2&ë\"T-[9ȬzdݴP=7wh?a4Ooldة^vhlg;uqTћ#sIeOsܝmMٝB2\0ht`k.eokilJh5%;^MT7-pnUn5LƲn+Zu]a[X؇@J<GbEtuLRP4\'^ֹ:\nW>^ո{^V%)JqДHt0M\'CD\0߇3%Mpn4@y(bW\\ZlzJx2AW+|Cm|G;5:~ThAqC`\0ғz2uj(H2&k+ɌL)e;!w}v`@BS5XjuG`]sxdA^0aI\\f9,7#`T^}߲hę|[;0J\\T_XCx>WiG36X+\")oE]?5ԀEE=Y	ޅSp0\nd	R{6)RU|}&&6oR`E^/mK؊5b@ce_=0 4G2<θuMZ>*E.C0#g!FK.1yW-wTrb\0$lLp\\DYFN3[d|d;5aMsI3&F\'笵R([v$\0Ǽ0]|szc%\"FNi\04)\'9 ~BoIGc9h{y5zI.DdyiG\07y?V$䄲Eq8zAPeLB\'.1&C*wJ<?$*4\0B]FlZ(,oL5?zth%lNNj:E,FSń9hB]<񯭑26b&aؤAv͝WA\0ãؙk޴\\BHm?X-z&ǖٕ$Q5ewXãp,755m53p\0!)~!֔$`\\޷]8^20SwMv(\\$\\GSlg8p(Px`O8q!r.XC?U{On^@A\n:0h}F:bpS_W{l[&OÖw܀߂KB\ns	DmoDBM:}F*({^`!ϧv8&EMpPr(+\nШxOP9]ֆ\n})}лE1^wÔ^Xܙh5f1[,\\4GA̖\\p*0jxCWh@n|{p\\^-i~bIB^\'<v&񯞞CC!e7aތFh9cod\0fSNIE$Q7cTq9\\RE{LKU	0R󳉦6[#S&3gf@N?xN\0\nm@ڹ$N%\0U{cdan66ߋG!T2ۧw2^0i2uhQvM1bGeF*\nrg~Ƹi״n:OfE\\b6[ 0MOv_$l6/Q\"Ybk	nK5&jK*t\\{pC淓X@#K)0iTq#k-2a[c+Ǌz!y2AtBI\'PD/%xbd|Htr0~<yh\':[3}biqE|\n)b;y	OQZ㣚q i\"lm/h\"+N^U*E%pGZ1VeċoVRp*J m*nM.&Trfʂ9U.z!hh.*)3A<AłQFEbɛf`RJTOdE]藢lIHaF4-z̀yג%\\H|6O,46]PzY(ܗ\0KnL>C9_D ,&1Вcz6xb	zm=qf2/DlO$dp嚪wRo0#K)I\">{;mc\"X2r9SU/~05&DYO}L΂xQgKQ73GЅ+B(FޯE~5~!\\~eg+tw@a?NTQي,Ϝ]þ,y,+rBu#DPFwجuzeu[˧Cl&㉭vgw҇45IgMV?UytD?T=S81~ǁhlQys	9<YwŋnRAU!z$@dKBDA>&}\n~Y5\\>>f_eGgIཎ	En6<cKܠsȤ~Ꮁ/;!!n$ّNBN6ERDt^@#NNp↾6ɪCq:7PYJqsvc֝E5s4/\'ֿNGQO2\0]51F$}DT $e\\KUtWC/5`V7uZ\nתy08[t\'m$`yl\'$8ύ(0l܂&pjoq1vu?|GKhN:uNdV0H PqEPsOh~37#7SALC$\"ܙ-#99\0!*U.9nS@_\n.徃#lαȂ̼or4EuT%zK#<5EU--X_>|SF\\xۀ I(29pax~\"8G\0*#$|SԔ$gȸÛ\\2aЎ+ߺ$}ʡ7)W%Դut^;Xf[#caNHIM<3/,L+z+oBΐf:\"S\"8?h[͎M%iϬ~jJ6]\0		-E\0\0A@p`$RϤR.5g[+N.l:GבHi*ghثvBdF)RꋞT8څ	ݰjLTkϋP@i>FUV!`UXbB\\[SOg{iUBl/,/0?Ql48%.3>r1eОݬarrPJmSZU-Ωvom\0AtBxO^Y\02-P~#ěJU5;9Oyo\"V d%?yHg2j(l_OJ!brWs#cɛ<OM?cuMvx	Zn`CA]H\n_KP@\"H{D4xbAmjf*vj!FpvwmaQ΋;F7rYĨ:ZCM=d^\"WR츻m>K,n\'x!Q1ѣ.Xġ)^E+aU=%xN3ȹd:gbZ7V(f.$#X+b]D|ԩlM0@ʩ(7K7r~TIjdF.Rb9DPTFt&%;3+@rٍvJ(v7ny2Tr%	/n 7r:ƘO;VA`ut/ò:15b<\\	r2nM&dXC!$IHҥWeu>eV{~ ֝-Zkezf\"cmxv qGw+XW&\'oGIu	W<SEO-_vg>&P\\#ToyKuf&yM4zxC#̄,Ck`o/{u܌S=Ă|QU%qJ\0P&mϩk(҅χŴ`S(!~|]N$+Ytݠ@p@j`[Cݸ-Q99a\0ӉRic-!]CJa9Iy:UV jBjExLd:c7vfoq0<܈l6oܽf-AYVߩ-<Xqm;+\"h6:a8hE*Egxw{(\\#fRWHh!s\0L|8f:(`c(wU	ZIO	FLl8pChוZB!0<љDT={4Vz)Sb*1#,S>dcmq=V	N#fr-tfY;g-:DCʈ*)[\0T\"/xm63o#@EA\'jSvVp%^EwmOy0xp]Uv{M`lL=pϤrG:6uEXơ\"#MOl!|sMu@yH~X`?j-fT@dXQ.8Dٰ/]\nZSod-ؠN4	>p_7ܔX vJI2=D(,0+Oewk2,/A0a6A{b\'KSo[%FRW%3%ЉElA	RUɜ^RY$rԨi+Vr?TkSd.;UF归1|U,g\'kYfFO~~zڢO#3#+#_t2-b =(ҭVLo/ZV44z{7tȨ9H>\\(^^@	9`BsRD(r@GU\'yPHPcDI<ϻ3MMHK$9w0y)x_p>{f̓E&x9+枿2lU`Q5=B0$\\dHz%F76gMeÑiZhf.ɿE#T]I<Ucm]]#ivd58bt.0C>XRSYyaaMY]EaZ:(Lϯ:}QȖy1ɺB>\nQm2i=hݖJ\0ɧ-^{qk:_&Q^_NU,s~IVQ;jӼq[u0@7SBUu```_AλǞ~J$C#)T9C>,i|s-1>$Z:lQ=dn{s*W$Y|8&s)9Uk5Fq;snC+	ۡirgv/`<; (L_%z8QJ$hO `*ktI789~@yWBˈD{N^3k22thĎ+Hkwxb뽙y&JYіrGgJV:y?%MW??5:qt3J,7ywb3RA	䏪P-*\\_+\"ZRۈOA\0ȝ:bHQ\"+ORLw_$cwRBR=\';ٳ\n3LdtND.-<nctd7FyzW̀޼螙wJ&کOoS9ؽ,%|CyG5c2QpOWꂉvUff-ngm -q)bvB?\0M~.i\\7nbQ$oAVFB̃ih$(?tp#bՇdyʞ[\n:,4,%\\FJ1yK?+~wVAqNB3s`\05P%-DmDh;<g6k8P6qŇ05*[URA5+K\\Medrn_M\\\'\nۛ y	?ꍕ(kD*&p|e!vVg:#]jgPddK0b:\'Iޜ8VZnB})Fr1@x範Waj>gaYbVı@+ֵOXnL#c={\n+=,;C?,D1A	dkMζBǴZ\"F-c\nAvCՇQI{V5$_tv4cX@^jfJ?Ã4ZG_8)Lյ9j[8tnl.u;u݁[\\#TV6^e44Uv2shkìfgI\"K&Ac%U\0 UpޟbҢʇ66FuZgbnm`uS!(WsXz:x#DljuhĦ,X@Ϧ<,y~g=&0VA>v-qzHI8,Xl(?wEb\\Ll;+*	QhMAV\'fYmQ#ݫ$o,(o9h	@\'i׾{mSaIp0cҨ0NƅNm߮EI\"hHI]3- \'`7sZ(?_\\/kϑ=xo2Pzq:gWV*9>$Һ~\\;O|9Oc,DZƴȑi^y,J -<fy9#qd7u@HOH!}E-nӺP%`aWgwҏk	kB\'	:LϪ3Fdf}68wc.Ƣu3ޙ\"kKQ8\0U+ڕ*}9O`fiNli_VtB\' E=`\"Ш2$.}9[X\',xuCokZrBz7S!(7{\nƲj{I&^~bC2ݓsQ}DYs((ϣ7?W%SBaDbw`W<{C]~ fqwXL3@p\'\"pquS.3QIh<n5K.l%-ށOx(r.8\n%*,t\"qrLt.3`U$V*?_fi}$Zٱ?YcCd/(,elOK?pc5mUa;j	KϞ!QJ6\'(P#yů]8FvT=5t{7\n>B-⛉b\0\0GW7$/@eMp,ナ/	c]ki8־sկ_`Tfc18\n^CFZ\0Pu.	-Wب\\,IscHg[	/h\nL6?h9(I@}1Y-Duf5x,aχ<k3X5b@b\0UJt\0Dau^F<ɔ̂m9<~20ՑblڻHa9-	Ŕ9QŹP);m*ADЂЬR5|%պ>tfÀM;?UF/-ydgW`#\nhtJ؝z\\ןz\\\"ڄ#MRuB\n^Y<3HA*CnwUC;޽\"Y4AIlnTiX\0m42$Sw0˰?ĭ݉)@z0VE;(S6,,cл.z$l-	m)x_FjS?Ugj?Eo[!_?RJMA`:{L䅱[EA}L.>77y>s3mȡ;t@6Z7`Qr_L`La;EP˔PbNL! *fprK\'7rv[P[[4l6e5b2jgMT/j)GX}d\n;&N:ɞ6_Ǫ\\ꧢM&qud0뵴p]εꊲ8c3>H0vdfv}J\0peWJ Z6&%[%>+ͦ=9/ͻN<qD ).Mڤ{5DdMrU#J/V$z]/6y DuIx%3mOpe=Fl8\'-z(֌/:6{}x.b;Pp6۵[o#hT~0̂YzkV+*^]\"N2&L\"^*n~EgH=~}pyFSSIʍ. F0dY*%)B16)їp>AK ,P0*`L<y:f*vN\\x|\nGCF19/i?@!J\n&%(kH21C\n#+7\0z΍lI6opt13	&<*b:0PXof1Kj\\_1&it)ͨc\\LyޣH|gH5pGfEu |VGcdK8fpJ\0ooDAyB,O1Vw7{|!z5Q?5O٠93~oEً\"okj:\'ّ4\\;̟[L䥠v౭;71=lIoKJڣGPe&kb#z\'yQ*s: #\\he\"?E*\nX&[i|qhC2\'oKmgg*ub!6<\\L*pMK\0G%r\\A\\v-1ihBQHLyd \\wӗgیj}zS\\y]kPYj0\"8Uΰlc\'E= xߡL\"?^J}T\'tt&^(ɅiYmp`{Eï/ǉˀn_sdTk	DK{*=JKI^mScfr|9$U7rROS9EcUyMlZ+zC?Elz=Y(LJŬgN1JaКd_)ˡ-9솦V$%ڛMMEhh;\nv,Qw#}=$Ϳgiqk@i\nnF*<3\0̊mAH8\n9ƐbN& LzBseyQ9Xia( @(fU8Ro5mN<5ml@f2$U7I(H\05%CzYwh=ɓu8W53Y<R5!YU7m;;\0E߿E}X7iI.:&Эq,Aϼ|5ԟqb!sUaMVfv/)ػQ\"\\vǅY8d	жtݪ&raU)+)ɖduj	;@2@̞!6e5cENYzjtݚ^6_jQL*M4X\'R]=2BZ+o^.Y2saE4~b$ʕsBH-Aiϣb8\'`>/!%͡*-\nHfS6\\+?B#OmԾvK^HѲ/V\0qi	#wFU!m~$y1vv-@Ut?ڔ*_2bOnJ\n3sS^.CS	i<IZ=sȍǝ_$~\"Y\0dQ3\"uWĽGSʂ%^-[D_q͵ߦlNC13(n]yf`y9p]:<zJx).l[_q]1\"\'|P.6%@,O*xSR]4S 9AJŠ[bt [(rc%u*OYj1_=.5ly9Σ|P=\"ٴ:!Oϙ)A޻	yr%<>^=L pЃe@DM1!ܩ(N(4SCPURz8q-b,Ai\"\'\'QTpr\\EsB`-x4aO\\`u56ξK\0{_rᬯf+5JR4mJ>Rc7>aj8o<þR>GE)ζI7#9^ʱQir\nw)avV}`P<+x RLdAi9	,\'VTPz[tB``e.y)=c]{.śM5ApD+7xLu$wā9LT@@`L-xmm҅QzXVeHٴ%2&:7y>vW=j|bkzγ<WbL_:jNFH\"\\C׶X!.d{2	6;Ы=q?O3i;LHp޷z\0DA}[S~QlޠsM!%Um>IlJcvvrޚOP(E{v4EO+,s艖`B#\')6t2L!+㞪N}ɾ@G\ny4k>k8o|.caYi8b\n?9ˡ5_w}>Hk鱈RprMʀ	BոqX%/s?NL07\"SX8YQJ&]7Ax1bMhZL?<\"/tz17/mr\06!:*6;<H.(GY1	tfAvsJ{1D%ii5͉u9,ӦY}r$йGL4[#WɼXɿ-%a$[D*+Cc4o9*N*C+#@:*H+7{a!z6Y`,;9/+\0t慖R5qo_7.P^KF7e72DtiRBRVU{wDWB3Q㲨JYz.bl5ks@?hoHQR1Q\nL-TR9x\n=C؟]=t!Ny&@	Đ:on43Fڅz,s~AKL\"M25d&2\nM>PPHx03.}u7A]aj|9\0Q	$k\\r$%MWK7.%nF\\}^,JӋ݌S>|lKenn\\z]7Pj^hx}xU76瀁2ȟI@\n7ys{{Ja>\\v٬vT^¤OX;>t\"l\\6o^&7Lki<U磿1^\'t/꯵\\F.̒xx9|E3@c;ծ$=Ӹ%֏PtzCQI\n<z;\'-ܤ_xoLdC~*i+œO+UD4P\\%AD7UT!JOy	.~!ab6#0a&Ք?Ng{f2|],/\\qy/r/Hlxæ-	uĸؽX\'O	=2$ܿU~I!;Xj(8/Y\n,j[<}H+^BmвAW<.Ig8v&ja\"^H!G8;eE\";r\0=լ _?$a0+~~=[:W?u=>^ͩ~M#Hԩ54m0`\\(x01hl>\n\"ĚF9S9AfpgP-])3jJwv}$j߯kčm1%Jcݝ-,wk-l̋In㞖W;&U4d46X}uWcrݩ`P#rAFao>@H:>$MQ2^/XՋ[b36_Jz3Hy{e⏾)}gUc@&A\0dzKj˛\0IS)Nn>_n!\\)\"7jPoj>+tRwpi\"^0qN3]Ͽo{NP\nc--2I&*B/@6iXC\n(,b*[A:ռwM3:l*@5FNC\\$i.\0pZğ!nуko\"(AT2MJ\'xng%c!RVsuJ.ft\'B;r2. iLwc>%!~W՗{ϹS[\0/JY^f<ȴj[#w55]^<Uso\nRNA\0u[)9g74ſc#;zqc=zpݹ_A4LU͂ć=]E)099n\"(q\nfºsW]kkRd{tLtDJ4щJ2\n7|1l9*q7*4jq;dz撤d-)LN<zi09+9d(l\0f	+jTsy^!%,vZs3\0ҔP2 .,nгM}D\n8^+5Q9ׄqCUг!ї&q5>U}ZeIam_\'8.b^_pPMvur^;\n#Y$L0u6-l_\nk2?Hw$\n\'NpQn<?Hu=\0Uoi,I#>Ja)`7P i8vȌYuEǃ;h~[ePfRdUs3+h8-$Xz?ЊA~	/U+T߾)YI A}b8ar`4Z.D1t)BA٢\\l5	mTVG,GOEtӼ%.;u[iGc8qmvߡsd$##؁OЊh-rO:QEL{霵άw2RP,\0ct)b(nkjd͈Y˜O`{DثCW.\0G8FyiX~9ΡwQT)-FqV+Q(bc+\\uX5k6TZ`s+Bŝ4hđ9iREJ(`+&`.ۑ1k<M շu`X{\0WV`3βiRB\nsH`yT{6G]J޷\'GOE$KxPwd{WW$!\'IrA(xvLwY22y9gҰ.D\\1O\'xa[t9NS\'q7O\"]g#4Rdmg+tXbΘ7%I2G*x3R]D\\(LHbS׍k*MAgoYp3$;65\ngg-uvsdAh.\02&+c Dt.!m.1_Ȭ364ʹQ4`_cX$D:OnWk./Kf;hp:Bu\\*;R5xcw==2?xkh!Ȭ9FEgvj뻜\nnŧJSi\\`03V~+gخ[O\0euOG<6,9K\n7,DysԳk,*XB-o횋6hљ6,Uc:4GAx&KDYDQLedEv㺼MCUVĔ9E&\\ַ{%}s)~Y|LaDԫtpNf[- \0.u]\0[iBvlQ>w@Yb$^ě>Z/z&9 _ߍa)R$(5Mb?cU6[0UK4lW}\nFu]BncHc.%އ[)}\"`!e/	8$m\0AWNhexDĠ*6x<GaTИ\\&Ui~KSw#b8ZzJe/צFTQtfe[CgCYժ:WβQ䝟#ʧ^AeEgcO\\zˌT͌nV!-1,yǚ%I\'{ᚿMILQ[5Q!3dUyBlhK)mq#p=h2m0Ny7thcPWGf̬0OrQw6^ct3UA_\n#qt٪ԮXW;UW_|@t&=Q4MJt3&|U>9/rQSQ^ɪgrgZD-\0lkJ	\n]c¥3ip+aQ	¶H\n\'ȡKGC!P,pOt8И~WA999Fj}0U#\'8/9L(UsI\'䩉2YSj\06ңmr&8)7MܞuC^I	C(Lm$Zͣ/d-ե\"\"d	UG};f8h.6ZQ*, H~0V*g2?cMFXp-p5qeNյBLE>GԦW>ע] ^\0,KA#pc9Mv_fFHoJ8L#h/2</.q	rQAiJa\"<$M)%Q.^	Xb\0\"䦪#>=e!_Oq0{$iKв^6D$_R۾&gܧFVĒs F[~QHg!+rw{Vf\"sf\'U>[dI<F;\\+V%DZx4_u@1;9ID94x^f.C,R݊EE؞PUQWLמP9ZHqoiߟv\nҟCxk2aN%(L]90clOɻ@B|x0pwV7&X%닚EhIc*/zx}X!GnK\0ꀞ+b8[星Ŭu玞<fC\\E$2)Q񰴛}UDc­޶)Ԃ.0ZYO1ؗ\'>1q)SfPYG<vl\"Q;fr\n(zr#L9KY*Vr;=@jkj#:!`33`6EJ(щڪ\"{*J;;T<^\\u$RBmO#<}8	^9w]:>]Lv)Hg5<{nYC\0h5>uD	º	ǒ%!<lܶL4YYVSo\0X\nh}W1Z;얷uNềH#Gj=\\2ClxܮZ^\\QzzM	ãpnn}%wEE3<.\"w5Y_*Jdk;HOt1i&z:j5\'K+Q}b}jOlOb8(jT-/kfm(YJ//ڕ>cjVRt!f}+4>T{-\'Vvݡ	YX&C|3/ئ@oj8=5[/zRk*Uka׽9]Zh9F0\\GDF8i!]Vఫfk^N]Db&I9-\nv4Εĩ2|KG&\n+[ܱ?rn\0]ϱՖ!->.MKPq퀲E~ay׿Nժ7@k5]QEW5|ʨGZj#;+9IIVOEPFBoro>wK2\"PM.lcE8^ w|C7\nʎ_s\\bW-<RT\'o*X<9{ZYGYiW2li{/+MOƪ.9\\/xWADh/*>t<-q@g֗!dC@#//+$y[b\0Gn$K8(ui}Jrc9,$O\"E[nL];WoP#q`Pl\nQ_\0\0","$5liswfNVsP0w","Administrador");
INSERT INTO usuarios VALUES("5","Prueba","Prueba","prueba@prueba.es","\0JFIF\0\0\0\0\0\0\0\0\n\n\n\n\n\n\n\n\n\n\n\n			\0\0\"\0\0\0\0\0\0\0\0\0\0\0\0\0\0\0\0	\0K\0\0\0!1AQ\"aq2BR#3Sbr$4C%TcdsD\0\0\0\0\0\0\0\0\0\0\0\0\09\0\0\0!1A\"Qa2q#3BRb$4r\0\0\0?\07p8FWmTW?9 dVZ,~+ML(0a(G)4Pgy>]k\0m=K{uX|VOIέˣ\0.|ӥD4R\\RSuj\0$*Vg9͜aoș\'<͚X$1e\0|ܤey\\$kEjD5:bv;H\0!8&%YE5qO7xp-lNu:\\,FT3rum k%Gdxc(В|Z\'ecrLڥ7oXZUC#bAP#P%$59B!%K)$llEfѿbjiT8Ԫw[UXuNFu#r]ckZG^5KO%sɛ:X68^䪬oTݺ}OLSUV\nh!#cf1\'Wk6垓/@V1\n=\\PdYpJ\'pv7hU8-tvҸ1{B阞\0R<QGBAz!W?*xR2  -S%DH ABX7tR!gC$<i|Bp.4 &0<WJ{*;V)B4i7#ɄzS\n?I\\o$&X$$yvOڔzH[)tqm6{^\n5/\0\'\0Tjr{KsZlr3nX}De/g,Tl\0}|֮,ghHh?	opRq!x|4bS@6`l}7]w6opbHmHt\\\0=id9s]w<4ZdpfK|OΙIYܒ\\=BA*JMFP@\"J%PD A G)(DDJ\"@6\0a(u%Z	 l#R %	 ځ\"FJu:?7#WSbMLTJsMF<`Ƽƹ\0<OH7h%~qWH)\0[qK,\\?Y|8 ҌKB40̈́Nli\0XQrsO-~B>hXI%s17ȸevu!dxvLAumuZ\"1i/6J)Kᤢ(\nfN/VZPKFM-,\\emϒ4_/*yOЬUzY_	U^m<ݰ\03,#6tDZ\\	twBҘ \'+}% IBA s4{\"[qxFQ Cn3Fc|rt¬2ƹzL9myCl+S\\ޱX-v\0-QNZA۹Q$<_$Ι$8:pKWǙ!f9tXF7*l2lַRpHul \0=uAq2RF`)spUl.O4\'BD%JjHJQL(0NiLINQ@aH6JԠ,4	A /=#\"\0	UHZ2dr.g4l䙓1xa.7mez~ZNAt4+,ZHk4١nUq0?\nٻ]-8~i)#e%wv9A}5+J\"Ʉ@M\'k6l3	cc:vy+tD. ~+RgQ]HT;.EV+XXꝠ@ @nU}r/-`3j\\|^h@\"d)$f2C-ss7Z6cBQ\0W@UYhL)GX\".\"MApT]ڶl8:E\0ԃD	Sr|:9M\n w}JP.k*\0Mᾮ|nhQ3<^hsMajle<4*ݻ+\'X6$B)A67	ҟHU\"ndg$BS)ijPb5I\npM;LuB=4<r:9k!^Ndݼ6b\"]t\0Vu6(5Z \"wKFǌY>?M58Aq8iKEw%Z\0I0YW&~vj|B~OF!ʼW)p؂m\nd+V%>UMA;GU-n*O{Zh~Jbv \"%,5\'Jx`FIa \0ow!`b1ưNmuuOHgvkUՍxU1#i>I^4Xy^VDAYn+3aG|ѿX\'էIA\"no\\Tig|YD.49?`k1,鹰<haAtL`l?4@\0k{	h\0sr\0:Ӵut(t(6\0FWgĚ=bKQ4 @8A@E(\nhJ)ADAȵw\"FJI(2 9@j\0D@!(	R@фTF@6>qe<P\\!v:=Ϳڟ3kN-l%ÿRŭu)-<e87E9269|ֲWGHL[&&U\">7o\'~J5Ts+N΃^RHP(m(V^Lf09\0V\0mVK\0S\0[6CD$ʤSNVnyx*(}g{\0oП˰NO[{Z	hhFx*:XIA!Е*ؠ(X-7=-\"]lQ3j6\"#PBqqXԫ0km\'VVz*\0.oU<\"r~ÊOUo;TcMZtz,o;ݴH%gM.7Nd9v{~MЌ<Chi\0(B\\-2\0\n+)[!b|vTnysU$cD皅\0Ф$\\.vfCley!G >*.\0\na/!b]M~a7u\\-U<b*8<A\"$`RW9ms~k3Cꆇ7Q=wr)~ZUƎ׶HAexK*lKSyΈkdW`Efr6(-I\'qqY<Ncϒ,Nތ*͹,>%blDQJzHډTRQ#wg꘩-#4EFThQMFMFTIJ%\n.Jg+ UYI*[	bˊ25Ϳg3?\0[\nK#c?UbAF_	Q1xn\\Bz[l\'Qa$%@EEX\"i8ݓ4ݓf8?\'n/;H4ʔXƄ!$l\"$,( h4,Cd#	D$,g<?w¨G\0ѤFSG)kai>+,yu_)(+d\nj\0P@D\\\n	GXj5b\n V 8@B\nnPGydR#,5[\0lq~_RKa\n3Pi$\'elO\nE-`0yj*rl0XTOCnl\"\'p\0ru7BaVg*QEE\'kZRIF!$\'1=6\nՠSD[tr+i^ \'BpXKJB,`\0Vz9,\0K=ͬ>$gCe.eVߢ\0acry7g)R?gpt/|]:wtJ͑Ar4@hpJ`)	ԝ(DQB0F\n  AzQal 	K\0%0 H#D) %J\0a%(i\\(]WV1ĆIJ>{XW$Lwr>+hN/5IltvHw/k9BJRx+;*ܚm0ՕǊn2y)c&Uf6 ITz(;C.kֽpv&1RC4c{:~*nC\"kT͒5i\0sji+;\0~i4@!1 ͛M$@\'6KTQ!/{:\"h\0ݷ61{Fi5$¢P\0	Q(G,wPq6~2[J\n-^3)zljUN6E6zhoIdTX;\"^.\'c8/C/ڱ#xu0Y%޳rTXwSm\'0U9/9ij\'qf88ssRGVʕ(Qȿ;+q]J<kF&\"\0{INVXL!Xhdx+TA#9W*5PFgm)paBeř!.$Q\0-:MdgU5גmZ?v\"2S~&kA܈,Mo|w)yI[`;3~r86{ Ln\0+2FӦs$y!,%4ρ]f;<\0W~Jae<8b6ex&pYz|oqw3vV8xXLp}wyTc@&OE76A$eu?6j:4Y0Pİ!V1|%T`N%ݒ\0PwVHP[䋛f?5̍mP:/1$H߲CGcBS{ŠQ>*M1`Ut	X	E*8 \"-$F~t(b*+ˍBdb2|-¾W5$ߒ+m\"]W%*uu	>Np./vak\0[#ɨeE\nTYOY,`dr?{-Lc_It[8Tp+PuGMWy\nU$=Yoe__žU?m䒘47ø^Bj0TL2(6	MFB)Y[$W9]ZVh-7	8zL?)3wِmhi@=g8X\0~N\n_\'*Qc.JM(WД*@4PV.A7_(5ҍQ\02s_ڈ\0UkBp=\\iFT\"dJITY(O.2_R)LAlA\nT\0$Dop@jxc#m欘)BNhIBD61T*\0y}Up\0i7Un\\_em\0jR$E	QKrChgY\\u7纮Nþ!4z-r0tx\\`AS)6tMD4 0\\%1r9@@I,H~폂C=/9QYMNa>&3>W}*a5?\0-;M/X\09\0]m^\'tpA5D\"S4ADHF-R)A@A rA)\0J3 \0jP\nA\04AVFRd3\\gkiUq$y*}>}ݸ/GZƖa1F@Jc^e|፩P	zپ_s$:ͅ-YL\'$xZ]<t-\\xr?x%WX4Gq)ۻUMBb)0\\429u+:W)-S/b\'{4^LT6{z8(9Z @$˺#,PF?z5o/G˸&^3%5p̃\"#nKc8k+B3,jtx&Ndxj.`!S)aݛVs}^^:nU}Q.Ms@V9Q\'|Hp\0%јgy)q\nK@oe^(cL*u,5qƍ q?\0M1=3sHl Ż|/uGkuŶ4n\n#tbbLB_\n4Do}WSCHPx|U\\b*mI9[|3\0\0666Jpq;,\"6Fs\"WBG.Mp)A RA;»jTS9$p%	@!Xh<%֪\0M\0M\\fmu\'we\"&@m=\\/MJI%c_(I֑l`\0/7K.2|F<>ݖq+\0VyxLlog$Oy5Z\\D^`늸\0Jc-X:5\\[p\"6ۺK7G\'.To `nLO{=;*jt2fRÐLR\0AvRD(uƓP+CÄλsZLw>%cȷvv|[y$RQakbgp;X\"|(N,WrSubN\0z^,,Y:#h\0$Zn6an\0>}b	8#{rM#!d8CaIu2lUd^mLjI>N}KE[\\Mż^,&Ͱɵ71&GT+923 KbnippX[h]]Nee8J7\\\nT{;y <<bٷo,atm:iw,\0\'s6߸)nުN)X\'EՀl,<*fslS;@\"/\n|ь{7*m(Uu)N3҃aڑ9Fn(<+I벬1n[A,HZTٶX&H$m(nD[DnӅ\0X$@۪\"0bSe]9	U9m$/U==@,I.|eGH,hK:P%lY(d_dHPR8ÚcWeI>Cb{R|>{Ax(%fH2JeQv8ȑ{[u@#d,	|>3{+3ګ=G?5#IqM`a\"JجPdit\nQ# \\2N,\0i7U¨\0i7ULu|6\0\'[#H&=:ǵwLA99Fe؂\nG?Id\"ANUiЛ`JATLeRhPV	Y;Il_NsWmzJ<Q-?wX>&է}Gb58og:0¥eWuZ@uJ_fZv:@Ze\"\'☩dku^Ԇ7+e=F(_!HPD+Ib%\0AT@a LQq@(4z1B Qrh \0B%8t{*2VNsFu!D?ԥ+ALA$mziLcܰ;ЦCdnm\0+i\\ttyvk,x>|?RI/dRx&6sKe8اK|P/%)UgJIAЩVh,\0ћ[%˪j\0o+uLeozc@#[\0E¯adY+>^-ej$WBj0nh\0д5tF\nrF+RK	fe-yJ¨ ;ߊc)TP	;[VrtR{\\UA{ƛi\0ͷ\n/bIpJjH2)E LY\"02\\K]F>;,&/* JXM\\gc*k{!\\tZ\0\0	Vi6R\\W(<	N}~AN.#mԁv6>	d+Gr2ѳXأ3T.#k|U^+&j- d,0QD4zQP䲙uXKakzb5nˢ<>S\0漉?B?(;dN\0|v{c xBi\0@G81UFGbfI]5;XHioYk^ު\'iaijEWW8THXl(xqųo_}Ju:}jeětKa$RlJrSm)J\nؒ|[I&o#3=wUή$P۞OfUyWg_KJً{\'t{1\'MCwu_J_c=S0E\n8?f]0>)`;(N*~C\n8?Dx:|w\\Id#Dct,.eGIf\0R[֏]>ÀeO`;\'<y2|7gE~!r/Tdk	rٹ#f3NpGŵ*l._0|>QUOq=<3:`4Xs뼗:G 6WCJ3ͽ%\\~͇65\nN¹*3JJ&J%&TbX19ٽd)NK⮱46![E6tnG]dr5:0&O1_Ss̔T,8\0BPY|RHj6GaR.Hu)TY^	#hV\"sPh;OS6Rrg߀&?+\\\0p洞J6jayUO@:DIs-i\'Vy66t=90} )c46 4f;<FIE ;h^@V5Oq(4ZOGTSd2kUT#0m$P:`ewr\0REQ*qOG\n\0`K\\.Z%Ǻaͮ e{ͱVv9fh0~??\0qU9rHuϚ0q8\0)}DJ| mE1&e2l\nze*`t+NHԠeɜMPI%,48$ۡTfq}\"7q;,`hJ?4*|۫y5GJO	J>	06<*hV;	$CGy`q}ҲsǖCM	\'Al%+bD%jHPIYWuP ;D wYke@AT]S{2AfxhN~g0p=3qkA.hsvY|\":͢b3;iiI=^i\0ɰxZ+c]~CQqy˟(GT1d9;5,A-6\'h\0ׅpp5tDh~m_ZMwK>@/4H`DJ4&L.F\n[y&	Q8\n	ڒJ\0H,(@ 	9IABH܉@(B0@,R!$%@Tz2R\"(\'O,SfDlKjd+mZaCa80q:.[t.f0ztus$pİrY>ϳVa?5C`~h?g~(:-c3;Zܿ\0)p9)A\07敨ɿY7\0E$D&kC?|P&1yVh;[r`k<u\" rfa#G⍅+4aZT,l´!Th1\07N5cRo\'!9w#Y#<й1jzZɼ%uR!JDRP|n/P懲O	H (PHEtANM:O@O~:S38Ql:):uɳ<V}ZxbVYrZ7cgzgpL	7\n&7=fqL&zLO(b I+Jؼ>{r\\hb}LUz>&~,HqO>C|#eC\nc* Ʉ	A-ZRtޢ$7A`a˞9}SWT//MZC噝vcA|=Jc\0.{u/>G6ZPhAbݏϠL\0]AWإC3\0S7.0}Sϼ8.ٓ;b,M-L֘|!6=^:Ky[\"u@<9rFaIm\0rA@w?:\"mymae[NmEV40_`9pڨb/ȕ~+n2B*x:X@%d;W#~Վ^u:	GH#!uA$фDi&d5	wnN&V9\0\0D+7n|֦m=Rۢ<un%UDx$Z*l-ipS4ŝ\nRV;-j4;634j#m@YrHDi.KBIKIpDdܛT6䦳P1yTuOdm`wRTfm6yMx65W#hV	:\nf{cS*XwMql|=e0Y3Nc\\exM\0x \"nR8Ԓ\0t*\ni*|\\vc{oi:Bi5:QP$=B{GS˹8%kVh$e/0mvј⌭.BOr,9SC],ᠼK$m೹	IiLA!)(׶-~jy#V!o#5ZPcá){%䬲X^xD(H#dD*F!K Gގ!B%Cfx\'Rv:AB(ꚀG&Iiߢ?a	<Y ca.~j:C`cA3?E#/{/TSs1+qzEddFhu1uJ(RL+k:mu\'7ۺ6`YM9_je:;ԥ#F$Eq8\nhfKDZ	@(\0W/!T֝;I.ȌÍ,gu.{jq\"fOFSjY7kzN5ik@q6VOͺv?pbI Û/j{4\nXJ-$v[0#zwc\0#S*bl4>)s{KƑ~+RxDsۨYݡo;N#6k`_+Qز#mCz\ns&q0\0\0;i/	.s<y⎭JYog5\0[#ĕkKkm8H*/SA:pF4xA=DIqIM	@k?qe4\0ǐcbK4c٠7Ҡ^;Z\\j$`Tx0!sAʓx|\'QDk\".>AraǴGqXfAS; \05kv/%Ǩq6{x~ȱ5iVjTd$\',||?\'MxbCjStF;+>\'UscH92PD,eh`aJjTvJb(JFʚB)dJAB\"(3Zd;Į[Xzi]\04޶)S*|>-^:=Wcʍ451$\\o3ngѫD!nz:\nTkjfRt&$&ʫL@3r E8<>	F\"@8DٓQg+̋??Ī>5\0?\0SϲiK*ҹvD#H@#k j4i)t}]$JIUN2??Pca͚_@QsPJRb h9\n5mdAqrq0-~;A!jD؈\\.qqR;0Viɲp-i`2;|9%䵆BF-HsF04Fu\";	AK]bZ>بXMv]XP7OຶG­kA r6XOek{$Z	w.ʋ@\0XLbs9%qЊy=1=,Ri.?i>ZMf^a_UgY0Tf9eb,iH~wP;McꁸUeLhM3Qh촪&`Vym\'|#h_2saۥa2Pf8%[%8Xv0{ԫ::*4}w8<(mK6EPaKҍ(\\%%P mKHjZ\0J%4_ܠMZF,ODe0ĞVX]	WeYHUK\"@(Lit;m}W媫3\\	UڅP ,_s^Mi$j8e0/H\0*3\n3i\"<\"TQw;ugm#Tə\0ƛ)T#I#tP!B3?-8;Rß䋅>&$BtO0$e=F8̝0ki;4AJZʲ;saf®˱1	APJ4%3^Z$uRxY]Gp6d7bXUt2\\J0k.\0;BNQ\nb$հ*T$kO}BSƃ@\"TPw)ꯊr潦%LBv?ìxBBJY	*DP).)(IREK: \061jL%_,֓և	hNۧ>i0_tbsy5\01ܤ3ƶ-jDRߝEM)*.͵譖[BQ)!,QH)A(;F3|1=RC\'ck\0jkB?6ѤKiH\0̸0u-`\\{BɪF\\}դ6uIc$Yt^\"F.ia(HOm0wQEOu\05-\0F^hKN漶GU%)3a8Kg.vSh$4:kWP80\\@ {%Li]=?++yV7)ö\'a~פ}.fagXG@N.o>DwdK.tZu^aFj p?Ud[W&zCVēvZ3̓y]&צ*6M#\'Qv_6\0^qW8Rd7x]wqT\01%xtM$gsS]ɰA p\0~EfqLZ:.ӄõ\0t6\0/E~ǧf|яgX\\3C鴃ue4dg!l\0ܬ<OC3naGϸzNz~F\'o,kQK}:.=pY1adoEC\'	PSƈw32f\05\" خc?<kN/;;L{^c|5\"\"*Ct ʽ?z9\'(6p}6C799c*$dy/ڣ:l%/,(4!)Di_`h0\nKQlQ@U_+{~ŴPp&=q-#yBd$oiv4)L4p\'mS[Zx`薂7GgG߿jp-\n\n1TyMCI8JXVhRaMAȘQDAQ y@3^5=r º\0TL;CV̡fZSJ!\"ZvŠ JCy(Xpke/ T<B+5H	M\n/\0z7]\npHQ{|\0|G^URI(=s\"@f8u4̠CaAˇy&l`9F:A$@>uEAqL2KGZ>k):=t1=t+@U!.}p㱕ZZ%$n#h]c01Th4	$y5`cE[sk{?1Bp6\\FtjQGemQHf<!4g؏5V`wcQ`:F<̢${Klg>1km5ϸe7۪fO\0j.1[WWhOM\"Xٴh{5\\ָQb\'66=ysG.`@@U?3{n`mfơ2$[27@NzEp:zY0Ю7\\09xSc-83-Qp0-։9L|;)RhAt`4*YKn@lҕ(dlCM-5g(JFNe<Y6\nEzz}WVg.l5Zlj/ےCYb^tI2:<As*!p]FuYkZ)vDn\",byx$y{q\\4((DQ] F.PATpK^P5Eվ&q%N*tv1t@\"|\'wJWd0#ZO|ZOFTѹ;JJB(4\'۸K42a%RPJ4J6@\"qP\0\0қO~]ڑPf_@#(?aD$98aFҖ*.296`*t΂w0[}pPk	KC$_Gj\\.|G4\0>%4z4TdeZ@mEsfb\0bԇPة	,`%(%&R!@P*~=i{[yƁQ;nE\"Ӧ{lX=KR\0U˰#\"煮)~)NE_DBE	\nrw;7S5gk\\7{dBC)\0dhA.H{QVq\n7ǽ\" {$}vaJ&.U0`F]QSm_{-䅐&(8\'4,(ls&Ulsn3\'\'k8Afagl:;_Ç;{&&uj,\n>[\0kl5P#!j=(Fb\\tB\0`c#\'ٛiaxF{u]̞ZnKnlO5ǏuJ6qKl%8IsɹHl`ƈr6QbTlB	e0$`䒡y2&vSȈTJ-3{axN;MeG^nCgr>ȳ5~Γq^!y~W0W\\_$sn/a⼇[6՝]2\'Vcpqfj\0.@\".wŵF[QSAsJjIJj	\0H(ˡ[SyX2{p4@/H,p;i+^1s\"^77|~\n5=ru/8~`ŀ\'5\"\'Vt{\"Y[E4jU&sy+uRNJ<$]<7HS jnwJyU\"@?D,k,()гyf5k qH\0lrf#cSqm[Y\'{%-L)GSg`As1-c$n9#S=N.~nkT\0(@S`hB \nmd\'QCevP2kͪ,`69hZVo5@}5C8JTX8΍V2D+O5t1Kc(2Mp!\'KE^9G楑J/7Tbmp2L\036uC>u.FsaHs\'þI9w+tX7\"ЦKtfob0>\0\04>),#;Ui\nL˵_p|RDnLq]4>IjnP׶Lv{ؕMT i2m輁dԦ7z/`{\0NUfsЧ{!M&GNX)DBT7h)d2^(üD@^^M8jiCy;ɟe\0\'y\"9\01U~jH7G\"ĺDLDGKʖ0\\QdMC-I	x+5V+Q`ت#V9)Oʽ9XF).	9xT\0߿.~;G:KvNO\0e;Di!ӫ}&7\\0jճ \0lGNGEch>n/\nRjU \n\n!)iG\n6 \"R7Y8Jsug\0FY+i	s٭I\'W/T鴹D. \0\"<D괾w@*h#;\'8O\03\0B~o-vB+0M=+ː֠Wĸ8ܟk\0EY,jɗu\"-:$SjXe2T \")m\nQݑ\0w1»Tm0@ wQ&\0h2J S ˑA	Dh ~/O\04|J?/(4EѧK)	R\nh)AH(BTxD@+t\0EaJbST\"RQI%zO\"~_VK:GТॳe=I6Q#(b!8BYtE&U&\0Tl.Z]84(Ya5A`#QFaHVȺVDfxƨm1OR8#\\bf:W\"ZKG)?Pw]9tJL:;%!d	FUoS ($mArVF:_V?\0ds\'k w%05@\0Yp_fՏlc8\"	nN# Ԧh J	iP\"tI\"|\"rD7R/o5?&ORn$Zb]q,g`jH} \04]ן=§0۸@ɑ-6	dRo  A-\n%C3?ŕta&WsZnf3}o<hO@Tq;Lo+\0}Y/yX@v]RF\0)M+iWbєHJ@$i0)}EngsۙT\"\0Tdج+]b%,#+6^lsHlFWmj+]\\1TH\06}MsF$e\'u8\"$_ySy^^*?[\"6DjP yBL)Q%&zRr$V\nBEDدv1K.C69[	R\0ͶcS1}\'	 ߻*g-AVVà\0E]*T\\I&HyYN?h5r7dxOٶW?w4,gEg41I#]inG{eAVNDnFJݑE\"jZaӶj7h0˝-0ޛ_g&A7 y,.70\\mcVԈiv3gm{&xG/-K\"ܧiXnSrVu{Vཡ*8fIRs_!p6{.߹{*h4ƶ܆N\\Q}.TX${X1\\slC.HjYwĸAgZ*9tYc FR@Y0>yFX0.Ϧ,3v]\0ǐ\\6>+7Av7,GUNpbbSD&gMhO=asqZ{r@ZH	X0m&G=3νNVRfـա1uLEb.Gt~kaeo$$b:e!NʍļV)\0n.YKTou}g887*8/ZPX`06,QJ\'=nznA7@I3-7p۞ED7L]Z470VK\"y-m6˽NcRv\0\0Kh@rQI!6Qq-慒lʻ/ܬ*g6$dG?EYR]\n	($;>J(Twd`6tVtckz+\\\02<\0#B:CB%3lz\\(^;M`~>VX0a.hwvBvUO=te^\0Rq\0;	?B?(%?@]TN(JoP4IN *pkc5r[\0u\'TꂃG76QbId]I	\n1LfM߽@ΕI⁖$;}B^n?jJ\'+CGFj@NB6%)/r\'XL=Z>vM@()te\"@AAI	U-yBƱaX:MՉ`C\0])(:Z<F!}KdI5\":JeK.C_)Xbc1fӨk}U\\n<{L[PU)!5NHAP!=go?-?<U.`l=͹P|E?kiYfgRأqNxkz$ \\\"	I>ТU	U\0+=Bto#Pe#ӹ6wE̾YZO;Dt51mF\'tYTju$5.`%ST@!4CuaTHJS\"XY?;ţrGP,\0^D%Y$ɶeGk3rc.w8&Nǔ.IWþ\'ˏE_($R͛\"F4@@\"\nQ	sNܫ$$g\"9g}K^C˵t yC, mX>vHRrx\\0<wK%ٛSNqI{8\\k\n4\"{S\\OjߛT<<@Qf9Z$1SuX$yVYFNjX+k+{ƹMт֯ߪrJ7eF_a*{L0ۢťG[%3̞7+<ڴ^$R^[y\0sGmD\0G!|̩X|2ޝ!%$	~\\</槡VG˩>2wCºt>c\nފPRWM5WXxi&FiP7#8rz7H3#w-=7ZLt@%Ehο!i/HV36yXL05_$6ʉX-UuJȲ\'Κc,2,ՠIlciRhdRDr]njX7`ϊWSq@qTalb60T|cmÒGR69\"`B--a!Qc0An	\neL4XM=}V(}Mn;jI:7Rc^\\Dsoy>Óg{KjKXd}^Kct;\0%S)lѽmf\0t^kQՌiqRtL&)5XjB]+]p}6>+7ixiy7p-,si.pl	[kͦ\"fĀOh ?~48q&qXg4Vd\'y<͹~XAg8MF82A7,[}^DmeR4bٝΡ깟oyF֗nhTbĂb]\0avɤ	rj\\Eĵ˥DEWpڐh$\0EnMßu$@lkiES}c_:=IP@!gۣ`\08؛SL],+rWvл*$kgh{B:G5aW@[\n؈A@Fd%0DJG\\iAŠ5+H\0aqyp2֒%&@)pt&3X,YirDz[ud\\rnWGiSHGRWY1$0sdY1 T̳/?YG2~@:q;zv-/oQ\n4\"ܹ^VvheI-۬rVx;N-Em $48w)\nf*,%	Pl\'[TBZ5\n=hpz-CF(9()	}{BfeDZWU)ϒͲG?x>>\0*?	]BXkèim\0OO@,bA{I}gs6ߢڪ\'c<aM*_ X:d*SRZ\"1@IA@J\0ÔЍ%ȅ%\"FilldTbs!Pn@AejM1;`O(2FuR*8aDv JнTl3d@IQr0Ray9M[j\0n*p! 6Wب؋rB6pٝQ`G)ܩ>aH	(o\n>)@%<&0\0x~)l5GJOyYA3AHv~kd:*cSZ7(N;sUFoRMln$J	\0-)*Uv?.,J@)M\'6~M,hbpxW45C~LPh9-Cxx\\kxuA=1EH1hY/k5k\\||9=9ApK#	\"b`?XUŴ+/:b_Bi>	46\0Ĭ^UCqvO?eFrƙ8	ڬ\0\0	r\'7^87K)Nwu\n.yԘj> {$ttJ;@jz$*N]V˔a!_TPp5B4׻đϙYZXʜ&gNw`?U8\0>P1{s)oΡ?\\\0\08Α$ L)>\0Ȉ\09.ˉļ \\?g>\\]yFhY^+؆S{9`ɰ muyl9%l&\nGx M?z\\.v`a$`(T%&PVZJLB&:CX@e2鈼?iدuMHqkY_8Iy*>\0{Z7+$/b65\0H2Ȱ6U1_4CBڍ\0\\#)(4\n*8sO(w?%AK2f3R*߽-Wxl D-O3\nw\nah\01#jG%1˚ܢܕQr+	R4)(DjX<P0l8,7	Vm1.tx\\>qY91h䗛~\"i[_Vaꌈq6QZldrL?PS5i.l$Cˢ+>Fc%{*rl!+OdEHOSF:CȳQi#r\"\"S\\S^m\'eYh9J78А)%$	DH{L&xƗ;ods,Q\0˷\"MX$N2)3H3xRc\"&Kj.&|ON4>vm·K_v;r=Y& xI]\\0}bKcܡEm0\0Q*		D\"Qs\0A(B%kntJٮ_ibjvKVTfu>7r0E]fcXDF<}{R``9Z_\nk}72\'/5*ޠNM؋F&;4XFCZ:O\\yf:#W)aL8e[4^-FH<a\\X	jO^]D%zdElZ5Dkni?D!W\"%$6fV4۠&;/x75k0%tȂ\0r5Ys3So<T\\W\nmO/LDm2g8nyMmI{zuR*)?*Ĩ(J$9FRD7VYfPOaJrMNA{#Id_m/hC\"n^\0<2=Z:c33ٸ-µ3岵E!7Y 7Iա1KlgYia&uǶZGru:DEМ+?>;W0nA&-ds9&ng1/F{8c]eX67%c4Y$xwd	Z|k041-MzK=$X\"蟖_f$pu´kUDJwwGwz8 p \0V:BD@!?TH$PB8׎_EcGzmSt,+sJ`8A;S%7޶tTOd@jA`baf.ƶ9x?%GT;L}Ob=K>i#Ο2fZ\'?ozh\0aJC\05hJ\"CjaBsw\'ޞ,tOsivQ=DqN=?UUfbڎ{w7\0\0&!iI6sژmqҠX;OڲG&c>NW`nvHkRQT%\nǢ{L(1>\\)!@1Dd!#CUcrhoxj5i.1SCkZ{dDQ h^IU= c恢rL2{f;}ڽyTq\'-C\0A>\nXu^\0~&[B\0\'1jC K9$*Ả#A-˂W\nt4ARK2ⴖM(\"׶ߪSP$!lisD\"!s~:]w09x-xڡ\0?\\<ˢz3M~Vv)Ɛqn!ϩk]b\'>2RU2y=;:טBC~G(8a\0ZE%(kٵ7/:FԨN*}BInBK>tDv{k1c޶h$lOE`6\\7GS!NlukK[M2X2cKL/xY2gq,=\'eF4Hn3aIFV.8*t4=6o5]ټh^%z7J=C3]}.:^TΙ˰Nt!LG>]).\0@WgSF$,#=Pj \\3\'Eh@cTHC z2~Uf4Isr;EjT1EǑE⺣}<z;j7CL3\\jW!S<;Y4#\0<,h\0lM<un[m_bӸ^B6AJ	Y`HNKbeVfccUxEtD7\"sʢyKS2s\\mepɍo9K	[͜#~vaH R~أ+l% b\0$놶OȜv!i5bt擘jWH0>9MNL~4+&ʃZG[ߚm86%qꬸ?/E\0}w	|k>w*(5@%$GhA愠ʩTEE[j8tN=5M˟M	#{);4m	`&+Z;D`Ms-%?4$;-}bI;LH	w bELCۭ\n43chta2}%s~)\\%F@I&5Q$iGCwJ$rBP&KiFe\0N\0z	LQ Xģ@Q|N ${kwEG=؃.S),;Vپn04n7s;9xĚ2OQ(˃pߴz/XX֞*H;NV޻P6^rs\':@2$}}B{	ƺbǐts^s]N=5:\0ߟ%geZ)s?%5jRjv,\naA1+\nsi[BJr\'N#89xk@4yuJ\nV-x3iEM\' 	HԷ[l/Rt⛉샱l<{.e*H8R6SBAIl^n~AJ%R^`	>kEpGH\0^pT{f}y-nٌm\'7m]5?U|!>8W>@N5%8ЯH\0 nr_q<Fc\0cbf㱮q@}R}e>/OW=0~1+|-@rndEAIQxL_EWoug;bEfsZ5q/7gUQtj{*`2a3Ec3V+\0V)XOb@~MeYC]cZg{>ƠȆvV{FXY2-pMplI9(Bp	.x^s{p^cgyU#0OLu{wYhL\0\0Hc6[NT^`-B17\0\0[G?}JP>?57\"͇n*DY|keLݏ[82uF@6XVؖ#A@EBT\n|#D\n\'(tĽF7(f8L*Ew}7kXn{QFlsQuX\0ܞrqt#Id#懈-U}Sxܹi$@۔,(Ө67),4IآRXJF4Or/tTIpL{ܥ\"@2R]LjfwN,Gi\0葖G?\"$/S\"=u&DtZ8i}Ơ4N.Y ll~\"?x_ۿUAA09yO+Sf\"ZMkI%:^p\'bDy\"P2fNХJ!\">HC|zT;i`\'tBKy1\"LfX܋(YV|n\n23m\0b=`ME˧]u0 1ƹow~5/٩`2t\0&-Z@.Fi\0CݨI7;]z#^^\\@<-;ZokiGd\"G#=+Q|W&%!ij0lu%$)Qv!;	b5ZUU$@>-Zԍt0y-F>TGcE3}\n=2ۮ/T26Ȏ.T1~KX\\FJӯ`ت4L\0:G)W\'/ϓ2Ղ(XRK!9!rA[I,$(*0Q !B\0f3)eΞJXR4f9DB*[c%#žø	6^Oe7:^DD}T,pAo@QK6p\nI3]ȥSv̴6hCōUYV.yGʚ[\0br14_Y\n6.ќEPkH 7;lqUNǂ1PmLtș.W\"lZa-6y=̗7	|A>NԪ4FER01IWˤ%aB1Y6M9w-E\\K_(ui&$GUepVTZ T^4X`Pqq Щ玤{mvG0K[XҾ![gr#669\'\0QB	m)\nK5&K`Q뛄Pa0\'Y^f.pM:`\0&ae~£mLfor1O[}vv;H%;O$7\'欵#\nō3eKn\\A)$Zno&7kn%e$\\[Z.8ꙏfr5\'_f\'WI|Y:)/8JEcRjੈ@SlfcFOw:-u?0mR\\30ph$3^It.ɵUMr5F,h9\"bMߢpZv*xb7LiSc$JnH~+\\㳘<0L6˝`6KŷFid6Ir앴-&ETDc(L/}w44XӪu.ɛlXiۡ!z+[wY	Ge	xfُwl0Y5B樕`X),5z5{qV6\\cfSl֨:mi&vY<vmV`\0H^)Mo%]pOE6NL|%h2*:zuSӬ3AmMl4\0$,T-c.{[_lڠQ+P%Qpoj>]+5V\"9ϴ&P$\0Wp׳tR$:I7[ z,qw4=OpQ۸RV_f<OfxEO0)rG<&.	.\nS Vz\0:\0\n%`	ɪ(^HȨ30kA+(:ouaISyI\0_O`DRN-xl_$[OxRV?P8?S8݇\0Opk(mcj5>IPzwжe{^Ȱ?8T̓4$>l\"0H\"ÝErqBN\n	BI%HU~?!g]:Wep;Q6 PT]ͮc{W*%A@,4~+`~*Vg7Tkޭ@Jґ\0O4Hk\'s+Cm4°HU[@_e!(THNa!߂;e&\nncM˭QpXW%NytMeXU~1609rL4iAЊ4D|?o	8vx~(41(4Y(K9OⵘQU`p;];p.4$EpZH;{,2}:K\0ƄkNlŎS)rRf3VnTvV\nVq\\J.ʵyw xvKMC=;n\055Ƈ\\;f?\0c了)[#\\Ys>^E\0\0p7\0yZ@8\0Dj07S>&D>z._bDlv_Tz:\0=ݤm\0>&,ղdGkOP*3ޞSffqu=luiz3hSOa698R@\0E.U,k$J#6yl%*?Mӑm Sm&ٚpH%t*DQ\"a#-AU!(iK)2]aA\0#SȄQ#DQEJ7llJ	L;\n6`#1&!.dxQfl5UuW>.$::d^G8(|EEmB.#oz4@6  @+~ώ)<t=GW	eȽpK_kA.\0HUw	:y&gQ^eaΎZL#}S9VF6t@,tj,{}(uԐQ aB@*x~JW\0|Ԧ8o%#OJtydjN7殳Xd1ˌ2A*\\&ZF!9䯪u$wn}S-J,EZ86	 @湧qKIG1eQLK/:	D86!:P2ljҨhLBp\n{nNE(V\\bB0f;/WtT\0o>\n⑒zᅙZfm}ك)[uP/ލo3?%B1MD\\Z3f)g@qfsG`}SOzU$1̿[.?D8#	Pb\\NImy~J\0\nkўg7+@~@}|Wgg~=0EQZꄑ.\0OUOdԻ$uZ!xe´@0ǒꘝ\\|qX:mOGV$y5T<~8i{U΃%ݮȝ5$5vtӳ>I.%LtTX L\0$Xsf]x]{QUC<0_x<]\'.JF֋4б<&eu0\\׸%\')}0	&m4U=x ғ=aQ̋]p;\0-AV=Cf UqhEs^ffiS3´\0@D#M :-P-SbAЅroM/lwgujTAh\0nn8_BaS$Y`{ʃH=IX[,)~U{*T~n0{r4JQ\"rGtuV8v6%A.](n\"stFw(-TEXe.QƏ:Jxac]ٗ48=;nWT=.enr\0:\n]ZpQ4\'\0T/NTb%\0Y$=hr/ #ˢ PӕB4XAUvob脝!s42e\0Xtd3,cZC4+ϒkp2c*T\'rO<]pXfJln4OT6c!%Y=ևxٞդţiLr	bGṱIaan }RxK1^C]Nqa\'np 8?x[1qJAX(PE P\nÔUEF\0C4Ud)(A0A$vp?>,fu\0$xɶKDXHUYXoVGlU3Zx=_h<#W1ΒM\na&Pg3L谐#r.\'d=ܺäX{A6yGD2| 1{PTe,j7PRS8k&#:Vo7K`tRۅ.s\n!->=U۶MJ%tir`-2)ڀ:D\0)xiM	քE[yG	p(A	)!wz8{xuǯS\0ݧXf:GFׂ?~k}A!b}SV~tQ%կU_BiEf䆽1M9Bu6AQ%\\\"!*IFЌaF4Z\nVr&6$C$%R HJ\n4W@DQ)CB	DwEJ0ZNMbGŘFؐ~~JWg6g6\'o[trK\'2>6AKbvwے@u@:&\0вe܁ʦT-vj~OǱ[#UFv1/2{A\0f y^b4Qy~M~,ߙw>\0Zᱍal}UWh&Vk\0t;%%KA)c#Pz(ԓ(鷗|52KhgI|JݳċfhkE3VD5jFyRT(`u6j?q4:\02l:*+&QTI\\3:w\'J[l\'GrP	H%XJ\'a*!j\0x4%\0VP|X\\1{ֆ73y+d)޹e8DDrU*=._muF:?,W_T8\\͖-]cP#Y{\0(z~$7\0LFuHuf౵o;>\n\'XҤ93s1I9:U7H6$[iudHKf:Z#da^ػL\\VÃ߇\"n#%-kΩ$xʇR?e\'#pf7\\Zv5ZU3|5ŸRփQŭiٍ:z._p14/~\\|S$dW/?Mf\n;mג:;$x0j4MǮ0i}9ua)._D:g7(NPuv<-\n<]RFd.6VCK&A#cxCcAklZNw(f5Ė6\0OE̽pSSQ}::|tIQ0l(+*hZ:T)i ws18]\\2j6Yq)>b؇I7j9+}쵷/ϡ؟/\\sl]1+\\\'IJ)2*+36*Ac<oVHLZ**9aK]	U<CS\\C\niR\\7F,\\TCcug奿Rv1ă\".M9%KX&ScKZ	)40$^HGa?qvNX3ϨE+\'psV#qq;(hBHKzD.cm[#Z-hSc\\ƹn\0nMž#\nPDR;B^_j1>yW65S.~\0HG8fz]y9=)o{փT;N%#*´FfO?Tfeƒv/ެ8^i.1;ԜN1XpM`;]\\eٛI4)}eF+o\0pZ\nϞ}T].6nՒ|	BIiBUoPnXh-~j\0.{\n8i NBY<\"~.msz_F=+vڲ75x&y4S\0Ēo{y/.UNA\\KK\\c\0\0pX.;\nr/\"61V{Vz\'Q߁=i\'k˒w=T\nEl2ξɸJD,DtZ61+{5ŗ0	\0&.£Gw:^m躸YFEQdSR\"舣DTA @Au\0alC?(d[J⢃t)&qD_DBZ\"Q*	Vd!\n$A@PI%S&p@K|#IG#H	+ܛ;+X5	!mD\"6 L\'\npGn<VΪDh%,vjSwxW3+͚n\0d4#Oo%j)]a$I\0EԿ:AM˳ЃFΚ \'\0\n$P`l4EKID` Pİ@,\"%	E((2GBR(FGR\0r,\\$xdM[?`qodAψ(q]*;EÚv4m/sh~ԩ@:Z&leu4z=DdMxi=--t&KNи751u[WIse/}?2179l Yyt]O%0PZ,O3߹_giJ\\j9:M{`pŌc6c)m^=+0!H$Dޙs`DnKp4o=wU\n0l};bL$5E]HȰM賏ǽd^\0$$<G[*Ɗ䃕1Nkơ+K}\"@oz\\OG\"CO!櫑břśNo䨩6ԡF܃#T}asS߱Cc]$\0\\)K:>KSO0OUR2J@h\0*\\+92\'QAN17((9X	GCN?xFt}\\MF`Gq{GCU3F25ciH^ij@8mugRK)=V[Gsj%7e\'CZx>I1\0ˣ{͖\0+\".a;B>RmzJJ-IcۧQN\'5.VGq;s50XT\"EÚ& 󍷛/&{,Pno=/XZE}^\nG5x	7xua݉aatCsEEK2i岓ȰEU蜕[VʨmteZ_n|KҩJiߩTeH/VhSR:7C02vZOhƾmͭF%yeK%tr{I]eXȏF!<TVNZt4Xue5_Nn+,=WVLv}kk\\Gpe/x7Qy}%wqT>D{>hTOgٓ.zr{|G&e3\n}OKjaj2vu<=\\w~Jlq揨47-s2HplmM^q X[A7K[Qm2[A\'oUJoͭrq{\\	-h3<שeJ:atk\\/CScCs\\᩠^Y\nֶ46q_n\\tcѨ-kCgVW3UciUwR+0qher;O̭85ٞy^8T4lǐy\'#f#EOv#溆&Z<ga\\[Pe]FÕ+l>@:\\`i{ZaNs>K\'a}>1\'dJ^1AX.?ѥj\"/G^gM-63]a2u6:\0~UhHEER1#)@G%ѾފcO=XrRܫUK)4%(erz>%SC??mǒբȄw\0nb^ި]Q0\"	l`doPT^*,_{^f9V_3S{YTahh$OPz`e%Lm;nыez-)21NҾ_\\.la}lgaK7SNߔ]ajN:^&\\ID5\nxzu7 ֠bɿ+)2jT֝OtS.uqI%CA\"Uqǹi%ݙo׆3.EG+53}BˣPv8X,u\\1\'Mrki-iw.K䙏\'GQF#(qNFObRq@.&,F\nkÔ%\n [ TL±h!-J]ΙFúTBBgZVS==`: Hy2Ҝ7Yrȍzn5ĀcP[jb}\n&ӎH\\4.Q&&A\0Ni4d&\"4ߪ[3mu&CG@UB>\n:vvG}5GpA80@Mu1O\0E17eCx>ȅdttŢ$@\0S$ZJCJ2FP1ySʃ5ʄJbPoi8i&$|WWXLpxIa,m2E=j%|MˡMX׏,\0z~K{#\03m˖\'QlZ\0/Z_h P^5Mq6MA%F k\0A)\n$J!$N74Q71z(D\\F@APBm)(ЭHI%7 T!ؐ%iȒ#bN8MH.9qUG[Q.4tL~:>U(8n\nşq7nk\nUmo8C	 Eض@#el5OvG.jTaAX{ [A\\<V_ܾp_I4K^Ҟ*(*wgt5঩-.R\\T8D%IvwX\n6ngˈPrMLY |1&#u^bndJV#ۇ >}ꏎAkI1-n\\iƎeX޲$$zHF.89θ3?TpBajP(S8DE\nP	OPý\0J)8>\0MǚfABvhLdhʫrT5%msonpf4j/GXvGn9S^#kG_n}~F>F&7F)[+3)+VM#V{ڰڕm6\\3,_<C\\MU6\"\0S葾NIGNA?)lH\0HorWU4Y& ˫{E9Rj㗃T({L\"5.Vp\"Q?KOcbo*?	<f{#3VR-3\06-GMIzr-\"F^H\0Ïx7G,o<*%аP(AY4*xJN{jX!rsu6jlL7p_h٥LEGDE	Tj?Hܱgq^NMnaTR\"|S+lj^>+jdR9\\L˯|.kRGݿQ13>^u{E\"	}kAΥ~pR PI\\ϊmSRES	mKtxv<f9|N;˹+IB\0ǈ<ר\0~\\VACsΒaxd~ZPilW#)tJFK\0?۞\'~{U0ͥL<j㇖ABT;Vqj\\_CPulnU˸{8`H;@Ҹ굪	-cu%0UKt뢜J\'TbÚ&|cR(9u )	IT-ayov]twQh.6؋?\\.Z.whϋYIj 4;+fX}Po<;OeUѪʲH;o0 z1dJH-8⒤UaiK%Sf9c枂r!5H7浘<Cj	i72cLs] v%INs4KKvo9ƊtlqN,:T<_\\A;t2}&TpӤɍ=EPsXsJ\"vҥ]R&(2Jnrn%1Uu]1PЦUȇ{A丞jK\\*el1K]Gjlz,Y(+v#\\ח	=5	`c(\n_1~Bpo>R-:F`@gzeXJu.c\\P,n)>eq5ɇ$~eSA!h\\ASY]:@0664t,^G_.rW\'xTC[$\0.*1g&2a{x+\\AYV:k[ayڧf̶,={[2[\0b636̎I\\bW6/W, \01U2\'>\nd=DŒ\nVBIԆ(!1XHI9);ke>0wٽtm0K	>+[̒GMվE6D<=H?fJ57n8A~R(3޽q0I	-}g^4\n,k>ۚ0%%@Ô%0Pd*,\06WĻPcZ.cӚZ?}j	]C!jEUa6= KmnV\ncG2~òsH`x\'c;}t뱡l}O\0n{Ym 44[&}Wsjߟz.$|z=z`yE%SeX>=kA3h2\0]]p#Key9n ~KԌVݯ#*:5u@:{Ӣ]aH3\"r%{EJ0SzԈ(X(HD\\j3eEԇ\\֑Qq41\"zJE3H Ȭo\0Sq97Zl\0ju!\0K㔮kY\'i{.~#N\']3 ~>k\0ωYZSZ ĶC׽駋Q)Jzm.X<zh^:@ԍv֍Gڬ-AR`%5){ޞ.ll9ޑXRTlX(TR\0p$TtrG)\"硳XtJQҧ#J)i>PxRi\\mQ(2Jm0LHY7Mԝ_n$lN?\0qMrhxɱo0\0Hé&2Zc}rj[S2-Uq/w#Ax$rC|ր\0Vh9:a\\U|{cZCA=JCI=БpЪ^!v{I>3<QOlj2=M1;`$ S?Q~W(9sSs&\"߀PW&J:Vim\\ P%(pIN9&=Wj\0XuCәGx䦅&ѭN#t|[VMð(<#*ոuZc%G䔗jmGr1S(ǶbiD*s\0`\0h`X\\15k\nlKPHssw@طEcQYը]ѹ @=BrG[Kݽp\"4W@\n>XZ U\'ه& 8U3]ҚUdP\"vg/1c`Mx50m[9\0&CaEe0o3>&`_aڔ}W\00hC{vqDgXmr&5_eH¬MҘ[WTSUɲyyg<Ih=ۥD33%ɶŸs\0$c&} 8$$[NJThĹ9ek4vA|.ҡu@:0[^s[:dI\0q.k&&tͻ+P6|Vٖ500l$CIU6**>}cPd1mKjTXMΐOau<<j	oj(B܅6P(rZecr8Ċmt\\<k[pvfL6%Up_A~k{1:fAhc`VmMN\0.U?fñ.ZH7{Zr RvEfLQkg6b1=\'@^7;gI]D7f[MPyzBǓ٦E6KQB=˰$Ԩ$(%\"Efg\\M\"هsɁ%Nn\'iWl+X\\Ӣq[ѾGwn崨CAqh.>eءp47 *[-	p@:y[7p-:\'M@/F*:u*_S[q:+!kTRoDb*F.|(.Emt:\'bEvhz%a]KAz]{/A-QlmYZ{=i1%$\0L^k	݉ԑ蚼A\06!jܲ -2DLkZ~|$JR`ê{D5SGXmQYsL֖NkgK`j ^GI~N֝0I0l: \\%xop@iJ9lG.k~2P}~{žL<NO2ո\'/%J%~Ef0,0$W3#:)N0AFtUB8:D~\'\0U	BMaއ7PϾ#owfp%?1S;ޓS3OK%CØ\'Ug\\Dڀ\0NU9}V4Ρ0H\0j\n9dn+]Od\nBp5fJ$jh`::ȂC߷/z#Jbu( \'vщ\0L(?~\0	V>GSEK`0\0abxM+f8pgl\'?yf\\z78I1\0s+\0iL~L߲L)~aG\'TG>5cAݽ[*, ;DziE%tc,oRM[q\\rL;@CplMp~O\"r~↸hsA1p\'RqG\n=aVN7\0|95I1r*hr[R{w\n X|С6?(ۿeHҌAD\'qǪpqW.\0ooγ\"OGk67I\"=xacnYQl7qt^ܼf[vYr>jtsqv\"2UE{KH-Z.]3p٩ÚnFMeՠ\0{Mo^\'7t4=(S[dU弣TDK ޴jG@8&.$o|7c&jG#!=~ڎEʟAQͰPuY6A\0$уo*9l{BxdvxWɨJgV\"ԣG1V,_b]9P$} mgŖ%T\0M>cUSm>e<4\'bTi$s|vU Ʈoe}\08:ȅuY:Gh!Ay꼧{p~Vso6N5`I_nJ⬯R=n!3⩧u.k\\uW Yq)15uOJ>qg{@\0\nNU,+_O|<M?џ*V&c`+gH(c)ׇMuBlK:CvBָ*cۍy-hZeص.DL%B:W\"*R!\"U¿ŵG]F0?Wu\\*sCrVfXpAxEo0f6yIQْY*4Xˍƛ[(wY-63kq6^n}UE,;n7`KZD\nN2i&g\\ug;)3[IOѦ®L N918 i%\n%G\\G?Dk.&jnE2V$ >^C`F3.em\0GzD̞9UwL>GNu{\n!\0?UcCE{_W0#3ɹȞr/O~_%h1Æ*\0\n._f\\3SL\\<pg81OVsdۥՍ%LC:!iՎa^K.,1r~k,]qd/B{-Z<p/fm8lA-iz%4ihcA\0*ХTJj}6М7\"A(1Rn`/u汮}#v:ee0d{hnGPk:\\{^9*d՜W@1e&dȖ3a\\\0Lϔ.@o-$oViTpJ3x)^T?K5rD#n}(@`\0ָ+QNU,\",fw+	H*3hn$(P$*Ł3neVLA&`PP/55e\\.!f18E8_$fQn`	>.[lrJOL+ǖZg.	9?C5;M&+hnڅ<;<rPA3$cMD7x.ۂ)侮 v$Gܨ(܅]~!LDv=f*	Kc.E5fU.[^O86Q2!׵{1c`yz$ўGOJ8~MA`e<CN~|;P1*^łfy̭c}bSC4\')&xܸX8L	=׺j2>\'wM\n+v24\0*#1T\0\\rb$+ݔ4i\08o ʤ{K˘MG8t-\0yg8bj6>7NaZƪq4*<=2h\0..ؘ6h1USțLl{g[ԃ;*.F-LN1ɛu]t%$~Q9f! ɿt$OK[ hiZ𺐹: .pdltMsp`FʰxuKcӳӠSN\0 U_WeB\nxS3S6)0\0\"#(!\0r~\"8\'Fi\0굹.U	+%1Y7١0?>-qR<;	:GPm]\\`41}Y_&EngNF4jNO&S)eč!z)(Q3]M9$n{si?ӨUnlbEgpjA6Cy%?\'Vr-i5qV\0q~\ns[kQ1ܴ|Em=I |&+(tyѫ3e`/+W0@!.ę?׊`4j\'TrwOVx-鿱+=w\"6ܵl]S$O?5neNծHt]ǅWѱA(:D1IׯRsge=C@\\グ8q,pt$ձn)t|T<NV|-39CD|MY$ P\nɉ(;dLE[^Um`o;Hpm ǪNO:I2be%V|DNJ(KUBbWC\"~#\0:F\n o߻h51AF)|)mrϚmbŷX:%0i\"	D$gqwz!Y>Wp(Ĵ1VaV,C#4u6:@&6N9u%ɽÃuZ66\\<q76>z`J%z/\\s~Rhf9`s&XFՒ0 .L]80PK8_#04\0pEv2b#.̠Vc̈e&7Fsd+SiI&fuL^LAFYYM)8Ci\\|gkҳELF!b:H?_k[{nyO /Ȅ(k\\\\An@;KXZ\07XA-\n>ee	5YMԻ$¶51Kk\n,2FD&$6>UhI #~fnUlʗ^){v_-mP.\0J&Vg{[sZCJecM;{\0%U,nRjV=)UXk,/M}G,dz{a!䎌gI1L8CbGjmvYnEaKn	K?{X\\Pmz꧸5L0HU4h\0/3\\G,m;grhC\n@t73o3j,FZy\\K3b\\[k}7:}>*J?l5z?8ge7{\0t3׶Qy~iqL_u}?\n#Of\0l|g\'pֱ^w|LGK,oc6$PI\'Ő.)d8cBÅ4(`mfY5]y	8{B[7d><[Qw>NQm2O*w3,>_Z]\'F3#એk^D#\0ǭ0l-~ahkb`|T_GC˛U%:Bn f\":Q׃\01<ɕ~WĊIk\\׍@2mz(65\0cD@69w/V1TӷuF|x6ʬ]8Y)\n/Niha͕}`5\'Or{Kw{Ou~mU}џU#X\0})vܪx]k=ܧfl3+^c/cN_}۳:8Vp\'rFk>UYx++gTmIUC64Ԡ\0!9@	rBɲ	d,7he8&A+\0r#ksp*(3x\0s*u4,9>GX%e5*T\0>l-QO7ߒG+d]J\'TZcs9܈\n㦓tFj,iI#=6Us&\0zZS;^$*+GgMP\\ES4$yOm䟜!WeԬ6t=T*.\'m$KG\\RDGZYfBVݰܢ5%sNq7C:uS0l.{H)YQǵZ&౺ĐA%x.T~БWojd@p7;k9u CH\"t3+ִvq#p;;;g/-y]\\k	!2`p_XAy\\=c=&ߓjthmj7Fd[8gm6U].-D˨B$\0\"IX!EdJyI]g`|p)]WQ3$4/}׫.3fDGy2͍LSՇ5[0diNsJ]i(?e2ĸkt>M$1ò$VZ|~j)Ҧ]i\0r,5W{uŤ@0@aE/<ӢqbLQcX@H3胉<;XRCljKN&wk (8jt[broy9u;!cLNH]Dd\0Wx\'25nuuuG4zY-*,=Z7sD@iWpm2-ˋ{cAs%j3WjR# ?<\\nqcfe,-6g\ns T̶Yx^;7nK\'S8ȗcZ!T`c\"oĸ;$ț\\l(KChV)Suڿ_,K.G!MR?>k}[nޛh\0]#&|ketk5iɓsnpF+\nmgD)D[^i&P,VQBT\")l[\nKaRd%aG86.^GRdzfsLSR8JM\0pCS($=Mb\n]m^C;ī-Pvrp	@X\nYG	N;\nb\nbRJUFnDƘM\":\0Z	2fj..5:?~aU88De/ixTΥaKHl< \"\\~PTH \0Ү1hL\0wYorԎ$YIGYb/ro\05ĎBV8>ky^Ӆ%Cg?h^fMMrU?ywgBuaǾb(aO򟰌O	cc.~\\MXpfu$\nr]ݎ/y5ZpJaIUŲkb4dKKm^3A̋sZYߩe/p]:\0Q2@rd05[z=qAqxhkKgW},>2\\41oQ$%<JvJԪliq7Ri\'ϸ/k[$ʧ!gy.#1uW{U]2cF2FA\ndL	m,D,yifxRU2C.ʐTGX*ajig@:\'DPy)@ZlIj,	hjI8zڭi	1[NV?0Un,omcBw@?N-p?UŒbEjp0,֍R$WJ\"T<^2f#~HJ)1C=@i4\0L3ִ4l&=IT-)Z2!&RnE\n*^uEA|mhQ87GeJyDTϪ/x3@ay3\"q\'[U5\0EU+tHsgH=qWIš`e#D\'d!\"_»76ELs\'X^OsQgY$EҴylڀ6\\ʠfEkD|;]6v. {U2\nTԘ4=ls)OIg2LeU[BFc\0IYܯhU}2۞(=6LYhˇeH!3B}:|-Bn\\	ni8l3;[a\'܎A!	m	F#cY@T0n+R梑\0ҕ	!8#ZL;DC6&mk\\@^<1KQH[{.CI?US+MJ_\0xaw._g}5/ŚG8E6%Έ2꺛e^0#s2f.KmrgMIEQ\0oż4ΊL乔.Ğqx:sfN7kZ~vLma}OXCrgLv6dy@:l$LPcAL*iaϨ_4p[3uUf\0=+ab/m2yIY/PQ.\\K/?L4B,םa3&+tHיwLԚzh\0:.V<X(duFwx~kCA ENkbңSGMFZ}va9$#\\B{Fpm:kӼ7n^+YG[cyj	hXl;-X/z9agʾVaq.UӶs`,Rqns؇0,-%(9.;.{nLZ,x#2/s:UU),rF(S!_BvrvZU}9~*pp}mk`\"Z\0Q>Ӎ1L\0R#&Rt&،R\0M6{:\"$E#*{8H44ω XR3N}іw_Z²Fe+U@E<vz뷹iBO^_df-~	?EzBH\n散+Ĺ0y苄(T@1vZM0ZAXDi7qU)#Q\'4ڇh6qnc!,/kN4S6 As?iؐ<\nea\"Zyt=6<E&	;);%lMaK-lJqH%i*~(FG8O\\6X?js~	EVs5$@. OL[%ǰ|1cL}ܺÆ8\"cG5ܶLf$\ngu=.}&w;N15is9OaW\\\0͢c^oɫ64݀IRMnӲqVVac}⸏?fR;$#\n=v-uS+^Qi 2\\d4#	m}:X7zcUC24ukcitNy:Ф\\r;Ke>%TlA%#ɥNLOV#iLwV@,>8͹tfTl֎nI!\nz\'YFJQJױO[\0@Iڰ۠Dr\0xmbi;,dDixguK4?RZ;qv	\'sQwd(_OnQGOKX\":㏻cs܁aYZPLAUk1tip6 =ʗu柁5bc-R\",R8\0/msvA\\{;X;vT\\{\\?nHǹ*ԧK!6v#UVlt0}8$;uT$a|CtS@xۢQTniijtgg*sw.\nMW#KΧRĒKRIFA	Lesj.ٵgA(<	פl-+8\"/IτrN쐀SJLnҚ*1Xa(P1H\"{44M0!\'-l+m1w%tAqzߍ2_\0<\"y^;X[}2`0-땫[\'hMCϏk듶VRöj\0.3x=VCڃē EDǚLeVQF:k\0qGW]bnW3V;!lYHU/P46s^I]\0\'CIsĿamvs@weJ*b}3]EJyiw.ج3Tai\'_hIUb<)S\\OYn-\0/MM &?WmvVqP$d\\5ƁJl=;oKنj4A$\0-%~O{˨8N\"\\JggUf)ĹN/\n=Vȝ hSN!Zn1}{q4$8\0Hh}O|<][Mf8\"\'iI$G괞raq:iS0As\"\"Phlst#A-hhJMJB	jc-H%߿Pj4yi;b J!MaL	l) S}adMr0BKji\nn2w~[ęulݠ7XJ8Ӆ{kw |UT;uւɑȎv9R+m̾}68ljSO\nvV.yH%j\'V&V)8UobM:Np!璭ϩ;hyYkU{$M ATyĚhХ%BYб3	Ǽ$45Hs@w./;)Ҫ9@\0^й״nE0g䃲2^a*sLG%{.u@Y-qsOgf=u$MsTtͅ.&;Cz`[V	d؉4O1hxL ͼc(þ3DGN!%-WÔ	.E1)!}c.I/(B6I)Iq@	QrJ@\"pBA\\{ \"E䨽q;m\"@1`E-N1Kň\'~Λk=+y\'-]Y`޲-߾.tsE\0.;2c63{Ob@Ǿ/ܾIWQK|Q؄GI;t0,f+SAHF\n^d_k0owd\'3LE@\0Jj5ǖ+ɛJB$<DQ,:iiICaMI5cBX)Q	S9w+p>nUJY~-T-ܬ~?	dz\0G킆5\0^{t\'4d\\1M<MV%m{;QGhsrOE&f/@2bGΞjXGah*:D@:|2\"4rbVԈpnpE,qZm39كJ,iVp	gL.6;|$-}P2c]-\'נ3eC=nJ#K\'FUoV?~ia7c4c{op?~hKGzd&oPUVCO<;OM4=DMOQ̑\0/F3I |Oz,*\0OOoF+OQ~N:&\0F$sPކ8(! e_oꝥW:[񺒚hуI87E&r$כx5w10M%WY~\n6!Ir{,\0\nߢ*k\njN#urIjpXniI.\n6D_펉\\˚@>&\0H2_#}ML9m8)f郭@vˤ*&fpe\">&v xfs\0\"M5Y[i5;^+kJ|!Ef\"n \\=UءN\0bdLA0Tg83=\'`H\0>,ou/cG!i\0DW8*bfpL\'tEe YDDpGwjI2vRHÈ9<{<FUQl(O>B)[3.<n%uZy\\:F\"a׹׸4nWbȪ2\"ǎ׹1G;LlLP}Buu8Ok4q6ן\0S0̛rSTb,/Mm촴\"}wTǇ֗rwߚcK]1k^J\\S(0WO@~A#V9CKtU!.K\'CE3\\uQ2tvW3^]m@]wj0TZ\0;+YKԒ<d\\SlcD~ 7~h5) dIccM PxU2«>w	VAGU En4t:	xLDú\\G<?aP2[Jx4{XX3ir	ݢ(U\0A{4)/6AGX%\0)/KkY<-~2dLj꺗:wHXo׆,8%ǐB/)6&q?hE\'7X8i6\\z߹S0覄\nѶ	¼vF>}ϳ颽>b@?h7\05Iq`onaqXmƕh8v\'@\0sZm QI:<8ǣИLå5BAhr/ Xܟ0ejm{^a$X~I*,M1oy=Lr8RKO\\X~-L\0\"\0؀tbJt\'0y,{AѧKsM<ڜ˗\0*[qG4US\"bzB㹦wC%דkZZ!RqӾ1ڪvrz<pˉZ\0g;4a?_5}g@@t)@{<&Y$ (^ `Jb#ߏ,~?J˗F-ةj[Oթ{J%Acl,|8k2ޗk;ArÇ;]ᅓ8L+ZM㚕M RKdu:@R	Wc	tNCU6&xLдw]?v63kU~32<%uWnKB0dTi$IZ\"3dWRyGN[kJ}\\͢au@:$h=^nfD7J0(i1@\04D\0:`\\`@M2JgMiwJ-3eFlkospH;\'^*ˇah=A\0eos\nEwRs`6XS5EnquYƛ0:]M=%dY]6Sa\0̈ܧ3U4iU7<&pJ<!hEr*?;(vߧRho%%M5J)``IsREiDW%DɼJǋ>$<Z<|(ÄWnbi(XҒ\'t4	k\\/hi3uo}\'8D	\\uKikɚKwe5ERI-8ꟽr`~)9sS,#Mämz(LT뗮JP:Z|)F`k@#Ppp?EEל\0ji;2/oBSvo OٕIAnr͕;e4%8_.N(PuQ1ְ	\"!=RSe08u@uTX#TЧA7 G&GQBo7Nѻej@87.gžיL.hwǳN(IaĘ\0߆Mʚ\0bovl]|CE 7ڵLRvS,.y/qaKoVptU5p3?BWUy\":	]8\'uѱhH{1u-O\\jȸ<4@c6$vccµuj{L%@WgOjKk|lTۇ\'KÃ+rZoypzu`4wh8@|WQ%n!Aq@S<G(Zr0AXQ^ٞF!lF5Q_DpVeG7N&r\"KXnV)T~U.ݪ(\0Mމ\\_Z>%m?gûw9z~H~n1W\0niEQ~72F)4y\0Bzm{,Gp=5;?wտ6W{]_\0H5x/\0VS?f|	mQ,؊1ŧr|HN+wv_Ó۽-Ek\0O8~j`KVбZ.\"cD~(ƭW䭛Z|ES.o楇b)ƔOxcKe9u5J3{TErtaD\0L^Ix.N ׋L3psVq	[~JCF\"bMƔOM,Ę\'r?K! FOA)pm^LajRlYڞkIWjsp=\04H&[Vl}<Jh6LZ\nm!5r:y^cW]sIXgy]+-LeW!	\"._eiOh7-#Q6تGQwY<¡:;7m^%ǃ|=%\"\0/t8\nx9@\'x>g@p^&c^@2&onXm{+0-QI+.O_39ErKI\n1I-yy\'{QקS*\\m.V8Je}}RIi=s(gZ	\0%D#JD4L:(8[Ԯc1yYɼTZ2\\nށ~ksG[C]p3\'z\0KV#Z@\'Dq?w趔0@;[(aYB鬌&c(f>WR/-S?1El=I+:1]w-m2.\0}?U1`#ِ,,jfRE+,gOP$\'Zܧ&81˒gp\0VqsA.p7mh\04-Rt`F?O9|-`{Э+I^;@[BWoз~pا[ZI1GDk9$R}/*\0ߢ[2:K\\zeA!i3d.(\'\"ѿ~W\02;%Trވ(+mNY5R-EO\0/wOk!M6l.`L\"ѹ׸^Ay/n.$6숏\\j*bW^(\\B#c93Ms\"yIxGgk^=BK3ǍD7$M1m.xf\0%\'5m$qh@d% @q}3ykKhӒǟ[\noI7\nB!Ps!m tNp7<#3-]ILɘ1KO.s1PŮr\'\'8|;\\[.!Ny¦dʸ&`O}|{RĞK\0y\\H8󞿚W?Qn]^JK=1:z}/]%W0Ek3)!rI5F,i85_b)@-\"H3hZ\n*H\0ۡ\\S7TGG\'|>^I:O=i[pEIk@`hŏU_Q]mLnf&zӁᲥ|cE6NU^O?JI9[ԡ\\2Ra&ʻ0QBSMk1tVEaioZoKŸpz[4ec5Td}TދMkLAql--M	F)\nFH1~j>WV.u\"cEMmK\0}Jh{~z6\nG\'?j[~ø.\0)m+%X\\Q-:\0ADbK+X~bꃚ\"F[G[tv;a[tN$4/ٵZ]@,;NijX\0A<;3f\"*54).7/9P\n?8\':dM\0H<Vy1rܟ9^^׎g)6]8M菛:NyӽslN:[\'(Z?ǚtzsv]IEG@dJ(Ps<o񉺜)}9\"~Y_Lh&/~[@i25;T\'b7rEGg,fܮ{p/EPJ&LW_\nًZwi.u7&c\"[^C_=QOR<Cs;t7fúJ,@\'Py8-\'aqkNĘ;/ޱqZQ}^KU3m i\'gƫdD5Ydm{[pTmZվ]qGz\\@>J0no?0Ȃ]3\'R9{$$ުerCn?(?L7i{%38cgSfցPx؍Xy;5ފ&)uvZbEKyLg>\\S$W%`;~OxqwQ\\yM*b%ы@Fk-pAUS|``֐d~UF% ?T~82Ct$uQ8q44r<cFTmLŹv\\ru;}gZoc0b4SI%2	\0l9.[$j\0r/ahp<\'\065\\w[Fڽ<gK(\"eumjZuS\0fhخ{KmI 참a\"܀-\nv7mP\0GdL<-)nǁY>q\'	G\\Qli7Uo÷Iށsi%Gi@h,#x1lr0fo\")A.Wc1Q_>eeL5R!ˇH(ML|ʷ|{\")܉E.\\E XF̾c5\0=|V,=>U NdՆ]itNLEЫyoY\nn#*gǹ\"GS5ǲU5,}H7=ô8C\0Cvͳz.4\0hBα/ZEgf\'mS]3%U2yH)~ΡbU\0N&M݊mb\"<\\mv:i*fY>y\\\0YfCDբOzfiFY>5ŶۨܘkuMRy!?W4\0&|<T\0=W=;=s8rwl*h8L7%<-՜N\0SuބuƧadj6obp%63r2?	mhm7\0_+ݎ⫰l;.G>ieDq\"5;Ȣ͝6xR[R?lzf-w蝧ܜyGtowÐS\\G&^fXA\0|HS )c.X\0&ݔ\0Bgʛ62G\0!\0B}%4R6@RcOy1>H<ShX\0o7yo$̭cT #\0DFX?uG2i$ej:͈\\_q%&#UfQӤ,y8SBe$29zLNB+IV@ԪjĞMr65Ñ$,.k$Auv@p źa9R$b9&).Prxt$qSժwCL^@+øf7YU9Ӏ\0c>-.z@h<.^F\0=-٥18Wj;rܛ5h]^ ROaTPkpv#[=DyFEex\nKY\\YYHTSTދ=61a1.iF\\٤?uҷ+4ztNZ\n6h\n74gW>3}?7ZGCssm\0}??u\0o<Rb;&/Ɔ\'GrjI<Z}-M?iz@d{ڟuA<yOOԓ2D,?J@gQvoORZ$|-G\"FDR_Sgp5cS\"OFG$3k\\duki<yYv-<.-ېNx}?D/<Z\"MH8\'U)9p[y:[_QOaN	VٖsT:ǖtF~øsBYh387mʸ%h,2\0\0\nKNDT5ĺwFU2K\'~ŐFbcݡs$O.vSri80	31޹qni@2C+#X:XgٖQg_PSI\\>, \\u1a{Wu~kN	8GS%ۘPl&Ǎce$r>rdA\\%Yαz\0\"N^;::/+\0Skz~%KWdՃ63~jx^{/99MI%f5@\"(4I5jjJXWBiKL1Gh;鶷7NAܵ>}?~+p&\'ʅ6\0rVԯ>k@<mx:&\0&Ss~YzhݞrRYxٻ8npHz7-?pz5(e0Z|O}\0ԍ2lFյ\0P:U	zefS{&o`:}R`DKpL蕈MSa6hx\n7hAU>kc3jM=aDӇ57mG\\o:W5r\nY1P.&7qS{&uo}T6x٢r\0->P ZDJ{6#9oQ68N	M;؛ƀpjMn8ϡnwm GHQz=M̛Qбlq.u\0IqZLDa=\0}W9RI>%{!$^ܾkch\"<|̹ZG =Wax.^e<KSOy-ٻ\0Dl̳M>m0	 =z;Su-ï0:ǞWILFLv.`M5ʯrҢ7\"*ky\"~Kzj8ŷrPDbvVxjA3@|ۋ0ƅsVf V\"pv&7|eSK[$%WQE-x\\FD>1þZuK].z/a=@lX	%Hbb`xsH<^\'\0icTRx*,6ppFbb\"{^SSuJv>Fď<x]V>~Br晓=&O1p8,湷6%+b*Ulcr,\"[7[9p=l;KKăjƓ5OWSn\\	niyڰ,p}zQڦm&#)KnmϩUNt?Dp&&pLì~&䙸zou=/LOF(k	msLumx?-\"˜qCyD><nFsVBhȧDۨSi.I2G5iM͐ề.q+r-\\Uhfr2nð1iyH)q$^W@}aMnjn{(42α.-\'q2yrGC`O\0)\'bId@WRgs*>\0 fLcY E\"fBuk@y?<R⌸2+J8NSf]&Ōo+W~)m6\0͡iu\0Iߩ=COj\n\\[|pbqÈo#\\{,m;{hЬSւ`t.j娝NE+Gl2MZk1(Td| #O?i7~_N\'q\\^,PxRXwe~yL2bV֮j4 66ix>jOUQ.+L)`%Ubq<rZQlO1zA^>	իvCI=Jz\07qiS2֏yv}	y쯆rt6SamTin4t%\ncT#Q45Dv@V\\=B4+jQx3)}c<:I6!h󌚝Vחer\\+{\0}]zm6S.B72\0ӹ3=_aqm?> .ʢ&\\8sV&2ݶꫩPwV:c`iQ\'w@0d|$qlQ`(mDh[:(A\"mť1ĵ J	\np7fIK5gIu$fw}.M1I~KK,b[*?(DWdt\0~j;JkWR˞dm.#jc;Je؃k;\'cJ+E9eNmNԫÔ,⠔Q?\'1s+A/-#P5-RQwwiK~PUغaq3ZN|E[jc>9?1eŤ._A1bA]S84<ǚU#u<WQ)樸g#IlS>PeIcE	DP` 0%!\0hJdJ$%́Dt:4}yh<Hmo詸[L<9$ص[]gmNo޷ЦxkkG.]ױ.<>3+Jm6е|&vkWt+s~hE@hy<\nejoܙv1GG+意㚡Y(cڏww(B\0zǪP)0Q蟥ypAP#,KU*;ԪFȁIN(֘Z\'W\"\0m5qO\'h=m*y0q-\0vcw174ɓజqm)Ԣzf2z?)GɎ\'WyE\\A4Sle&CMF#vW#@O8&7>6(eT5E^!IT2}VY&mЙ\08LH_SNGRzFީ嘺}ݵjkCɹsÄIrJ%;L&;}l&ȫuWgߵ?\"TF,3D@h7T9wF\\MUH.[k?ϯ肃|k9vYPw#P6?UFA@l\'}\\@XZ-ܕ5i_frk~*mc)s@`1܎^JC E6}K%j5ƘRqtK7%V^YZ䧰ef3j\nf<N*:\npPsco%neNqa)>jٗ,_\n_]EY[~ͣz8Glw1\"mj)z@E0gݗ<\0;S#Na[MްDwpMA̟Sv	>*l,ث2qzԩTv	Bhe79Ԑ$ǔ+g\'t0y7cC,=О8FT)OB~b<w쩘i;,_SuM#oQŁK.\0ߚ2\08cmچ۩ Z\\GPN>~^)G@ ߾&aBc4A| _ekv沼uA`sa:n\0*.춈f\nɽL3*10,̈́$;\\.|D\\+U&0\0<&!W>òl-a9l0p\0w]6UԀZHhA\0Eˎ(ĵq׋[y.i4u>Bw07dن6D\'P ǳ>@$](iMh\'^[|uGmhVA J xV\\G&j \\;P]=x~swFX8LBuQd9L_ϺU\nG,U8s]+q^1yqqԮwcI{аf-ƪd\0Aus0̭EM7GE\"wsI\"[\0iT7Lmj$ŻڿMnϸZ3\"m%TQK^.$\0<DۢOd\nH${\'/Iqξ,JPm4?FH+71M\'S#	^lqkI1P15g9>[i=/ٞjfoe_b6	d^9\0mCnԇ1v?\0<3\\$[h2?fs/qǢ)Xu 6Y|gk>(T\\׸;@i@iZܧpih\"KAGsf=KP v|uN*yϟ%jW8?ZOK]3c`x$qcZ\\HZmܶw\0i$D1[o0@a-y|ΪX4Fj[kٹ4Ǵ*Z;\0.GuK\"ߪ<LkVٯ3Yb8X-ntd9yNg{!QT:ҖԊ{qLtsי?94$ m\"%zC=꼑|:/8^1d(@=|eJrn+ri9IX,Ol\'xC%slHw=Mm0/+j]QRO4h$hR2Z%n)\\\05}M9hHAS:O/׹_T(gk>X	}n#4Qxw[^˜k.\0v\'$yvJˠUmYN\0sMcJRٺ1btcRڕ\nm<ւS\n,19ǀzqY&z@8~.ȷ\'<\0)f{272fń->Yx8bW9|ln I&s+,:>WT|Nu{cDr{ꍸ\\/*㕻T\0׃1Rߘab*T@T!?mDnJ0[0l|ʄ<JTJ#4(9(AqS}:{7Kf\n87\0{(ϭ\"}>J	T(BF,UwZ:A`䘩nPI\0j:go%= \"!Ǚ<nwIw@gú<!(4t!HózAXH>708Zm3y}wnad~?FR(pg#H0A\0DP\n\"EB\nA\"Pԡ,QHpK((U9$y/ߪǴi>;S+<仞;<WsO\'cP\0U?PF`CV#ﮑ`Q36fo?\'\"wiۏ4̜66MѢBQ]K@;H~nA\"hTY-Og$4>b҈B;X6?p1\n&s*8WS(fv^t#d\"Ɩ5		tH,\\+|N߯/Ezi\ni-\\]bźd< 	$~f\n#\0U-*H-.mkOBD걙TiA6sN,$c nl؋wR~I@\'ޥYNv&ܶ.čm݄\0yYǉ)9kbػEdl4ɭLTyqВ;S,r]Z D8Duf@gq,\\M?Ui5̀8ՃbCn.%ᇴGԚesB:;`pL9\'_z*|\\Z5zok\0{ D0Tx|7f4Ly[ktHA\nn7Sҋd֨\0y\0utJP\\N$仆Gj4蛺\'y@sCY:`Gixȵԇ̜w1&sʜi瘀ϚQ4j8rFL\'mG2t7rY#՚g^\'N {3y\n2$26],4\0]@|`ܟ-3Pq+).W[YBU+\\׸.\"E&q<+4^O}\\4\0	=H\"ulLj㨉=df\02\"#j=˽vK6Vم*ͻ$U.a:D(UhBqKAٚҩT7mf~\0j)44ͺ\'z|43Re\02pGQ?4WC$>A{-s&b~hܓ|S9RL\\OTNy-(]s	,܏)OTP̈́JKT|\"ndۢYo`ulfkl\0^	;ǜ+[\0\nCRwK*\0}BK\0Dt\'Jrw஛V_4j~Ա?Y>:ʎ!\"ڍnVpwLjoLS$\nxjfW-pc^k8v4TLrf&CI]9lgK=L?ܝ7j׼4$LXY<<yL+?sP;5uE\nCA\0m>vGvam<1$sKf\0{dt귁v7\\9n1Ĺ\n̢\0hh5}3Xrj5\\\'z1ˎ?3y`ĹN;z&Ocsνjt}J|aX6I;ϊsC|П<5KƏ4|-hs.&ch䶼:a6,ej}Sk]׺.;#@Wؾsa#S渕1*D4x)A{<ڦrJ4!y?U=B`ܬoeKut&@=:6Z!ă1fy\\*]u͠!\nQZʌ0n3\0F͏fxʣ2p^`ɚT;>(KϻfEN8L{96^o[mwYOg_OJ	Q*qFPJq`M\'oEo- rR@=j#çQ;܋YJTO:GLHU<j̑P0\0l1y4RdoO5N٫_~}8߂}\\khOoنe1cz\\J3R@n^i>ǹfpr.MtoK$ը-ɲ)^cL2|\0yz$s~fKs*ȩkqh\0sV}MDF\n0A\"$	4*6g`.`+[84ÇfRt΄)ǂuIKҾG;gu\nsZ,SV \n0[at-w6{y*dd>mUL~|7)QL76?Eia\0Ɂ^?c\'Q ЉY36]2,ukwi`ZTG)<j\0&܈VHtYH~*NyTem~?ӎﱄ>w	Ue\\:\nρM%h%inI]+}%\'4ݤ#Hk]yTeQe:u-Sqq^P4ۺU*u+9v$.ys*:\"]\0\0\0XiԉmKhYn^^Ȼ,&y+91Riu:VڂhF#TCOj?5cQUq#hL=ylh$q?2]hkFWXgywl;?ko?%~⹟V?4̑ekJݢ|Rn#N3SNTiO#gOm[Xa;{06-~*1~ýBn_mwTMn7P\':h>@V;0\\fPң<%;P6GN+:Zq0y#HhPY^LJ1;[])A\06dG<_/͋{~X[1D@e!mt{O.˚Gz~aXjŸBJaZ%>giqg8\'ĺ&?	QjBZ`Gy];Sm\nYᖃlQ\\c$4M1g>ci}P/P4&߿X\0yV۩Z!?0-wrf\0ǫ|FNSy})t-F \0(@ \n*+a#DQ!Z9BZU|Mr7JW|q?	Y%I(Z9Ju37\0ak HMX7]SY?y/v+\"P~\"	xWuɴ[zT(;\'9	$5eQA@59BځlWڃjTbmLIlPvʜ덅>*ȯqz\\=P4l)_ݵ1#y(,pc老*i	xLc)\0ʛ\"TQRq\0/^N/GrȋS]REVIp-ۑ\0Tpf\"Ds~nȈM7O[uS?\0t|\04,3[80&7䭩p(D<g2VDrF#~	\'3֋Cb<\0tpޏ&ޜs>2sGr޷[R\0aZd聽懪܎ySGe\'C{]?/(TfQBŹ \03^-E>]DfX!;Ń\0IK3\"E)<03\08[;}HM\0~0\0vJC8KmaZ{AÉG:QCrA܊/b\\}fߘےK\nF\'@D_Q胼+`܉`~\'kܥaewti2ƛ>HXlRҁV%Iu0vdcK%\'XfS&¶⠐5c6/mN(ƪ9ſ\0uF`\0Pl9AfSkws~۽T!E\\?sLB00Z&\'uu=Txv]P}t#\0?0)q=ϡOdG|,?q#B\n4@T~>3j6\"UO\nCPesG1iT:(\n#;<ē~®+b*DuH9Ch:bh3\'Mt[aU^<IO˒2`r?D߳<Whcy\'rkj%k\0&nK]u0vGZg\0kM_\'#>dؼJH\0೜GpM/z6I\0@8Ÿgq~!{_\" \\Vx7ujlL6LEլ7ë=~+Ay+sZ-DNGԪQ!RɝO38{NlÑExu3kDXrRC	MS@	\nK\\v	pb\"Bg2\'S6Y/FRx͍nGfo>? Ԏ;Wh̈́4>3i~46o*ry!EpEɲD,*Gf:y~5S#\0Lh^?^_RɉJǩR_?NYyI՗\n1\nTIUI1uOl0@=LٰfXsy>>_j? N%Lqpna\0Dȱ۽t<`` Uyh@!\0^+>Mt4]nrx ZkV٦mݦhkbI:lTLtTXRZ=IAər)JmҴ?9Qip GiM]]8YldW⌆ݠ@I70U=.1e ɨnLȱq\nu8r	&L @_DgM.7&Z)(0jwԪ@0:욣Bf-h6Vx?eZZ\\DvvihC-TT-k\nw\\EwOf^)~!, r+eΰigTfE@`\0ܼk>*Ł=<!x_r1\nn*{KLbyle=Fh>e+J޳ey_*wl\\}t,\'8*PRܐ:X^`UyKF7N!woPS/Ǘlԏ4eٛj.IߢaV@>joh6V\'{-;%J:Gfl2**JpqPΚ.)A$b~n	Wmz췲.q~_Zci}X[\'X~54M>KQ\0z44xʳ x/Řsx-謨4oش_3(EOLc\0R5qV5EAL Z208o}D쒩dM\0G~3S_q#gPπBoSORȩt LN)~n։oNjqkCz{j\nG{TڟGnjt徃Hzm.Gaĸ<$j`F\\4UwH˫S0,Z3zVzv;MKo-縊o=؀ ltnc4AGfM}\"C7\\DLmbA\n,	vo]mRuTDO4WtDݻ6\\\0C\"Oΰx|*k~ì}K54wN}C(RAR\"I%BEɺ7 &QbCڞkJ;X7!!\0a) Sǡ%/+=)RCy+A=-EklF>+Gsx!$p:oIZ@Ngix-0p$ԭV\'v! !u%#}R	,kuAؿ.#\0?/{E\'wM6T摟u*M#)b]7Z,=rnv u7!}Xb)TqqJ£yen;XꚫkLITH䯰y;5ncG\"8w~3Vcވ<fkYV	fO\\{Sqn7+\ne[\064.c ɨ\nmd{MI#ġ\0..N=%oP*qf~H`h2gܕ70GL}?5iEy@\n%\0(Ss!+\0d6M]uܲ&0eM̄W%0ۯ&\\a\"V0l^%gǤ>J3j?/\0궐:LOc!g\074tK\"y(Cxw~,Hpz ~*HPN\n:E/FI^)jnCM,dtՙK`P䔻\0~iÔ*lKڜ6NT0G`?L4&gL\"K͢;4-1Bݥ,=S0ʉBaS:sKt[*5TWh3\"cN3n#ߪ%4qȏV\"\\LJ ]ޣP_*Q W#kt\0d\nڏBkK-+x݆<T@}Ebgliɞ83GrkxL;7\'rjpP08DZ(N7L[@P$ngApg=Wؕۿgo*>A$\nt7[ȍ&\0V 55OhE~A׈tDok,O8@$ji\0Ň漏І,kmŝ;*O>snL\0z(Y/vr{/\n/3x5uh6]ȢXl5ֆ܍؎],\0~=ih\0\'WyTA_<gՅ/<&OOāe||7ʲ1n3°%*;`D_hsKSt\0	dt\\ZٚK_)ô{1 uȸo	UW$G?SK˷rEs+{CnxH\"oy⋖)5$Ƣc-K8pAe&Vr 	B_!N2Pbqfhp},@<\n0%Yĺ\0[kTPoKnGQ?ul/G([9OJBe?&ZX/at76t)P2	V<\'ϳ|Zi4\0jrՎ:ݴ\\BN*?n4-h 3U˵H`}WZ.+kUԗ}*sJu*4ȝ2N/_8fe&=ItH#kJ2R	8ܓN7[GIvpAJi[o)F *=RC܌]2Võ@pGAZN%1v\0|~qk@ܽP\0EsKy[<[{U*6\"z*lNBNOR8{?>-ӼEKz6bCYɓȁ<	/Lt=MROck?Ea)\0\0:{tpw\"LmqsZE@;fD]K%4S7^Mc|_)}[S+yDLjM\">d9+Є N	@XߕNB0mGb\'RA*Ÿ$\0l؉=#?9uF uA~@،Zޓ\0ѵPllm&Ц6fFq[s%9hNt$-ߢz-ڊ>~y!H!FrZolA;&r̙I  DM7T\\SHH$DhYMʴܑ=ҭR-6\n\'*xwsL3?ujv˘2ؗ~+Lѳ`H\n󲂶{o:JP*0S6Ue!#`(JDRn4s\\Ymഹp_*ٕycT\";Ld	1&)Rd~BD^kd7T}	U2oCHYd䕌=Xl3jVxa+vbD*\0\0IW[ǫVyo<plip۴aCI	^>kSCgLSjGWq#%\"JU~!<iNu\0Ena,TIRQ\']M)1qMVa,zJ1+# $Z#nKOC\"w*,B4eJ5jW|N$׵-\0OUɱv\0es^;e[yPYkoTۍ([Vc8[m]Bb5l>Eȩ\\l*K@9]<}IK&I7P!d/ވ3z#0zrh)`\0G?=sZ4%N.\nvhD#楒[)5,LCPeLS)~TQmA8xYXLi);~82_2wO/La}MO88/LB޽T#DÌgMW/\niΎԪ^IO#>ٵ?\0%~߁O3sc\0\08Aiuwt\'\ng\0E-+\0O(9ók0x6k48{?6&r5M7\0Ҥuww4*Ln_H[ݏE(E4qc:y@1-X-z)Ehn\0c8;ۯk~M۠R_cY\0=:G )AގuGЛmwJ{QJHA2(ёp<57 m3|I\n nVBp ߊ2<A(-gԶRheg1cE\nX6ΔMJ-n=&k:/\0Jc:j _q\0xc:ls5\\s,yccQ=ۗ7\0ν[>LW|w\\׷oꛫ\0JMux?#bjd젝;X	(c7,0^|(xҌظX}:,eT#\0~)H?Døٳt]bf@=G[gOUY\06&8>EoD^(83WoWcj\04x^~JA	r&rdQ?VQѾtOxBOOH~;A&]˂3^a虃{j;8P9xv*чUg_@]֩Fj0rjT|}6W<V/>Ta5)OQv7HNWIY\0v7_]J\"N3,mVPv.mq\"\'K,qq:˚֝UΑ꓊=hu6,A>iU.;;\\}=}@f4mr!;roZTw\npN!İiVj;t>]YG6*^k@0C|\0~\0EK\0-;\0XpX*AsHPk>GCh$Lwm?	y?vtCÇtc1^뵥88\0A\'h>	p:tq1B|},s/iu lsorbc,\04j26$r+W)\05?%A$3m8!\0bm@^\\jkS#OC؞S*Ųi̲Zpv}YmqGKj:=Ltj1o+g 5yQĕ늀E;̮5J\0SC@:d=|Ed4mxeN`/4Li\0b\'Z6L24M8ɝA=hYeb+R\'QT3arA@Q#B.M<BNZc)ԏv-e<bjU<,WqxR@Zy	h\\J0tjwu+O1>폖.pHk/KBӕ\0㔺FO?F!|Nq&\0ATV$˷?gZրAeXr-;ȸ⊇QǠtWd4\0Ko+I]::XvVJJI&rkc˧/cu̳[2F\0L/i\0,וW>yVzAW!-I!:SeXD$QDĖ%\0\n(d%IA)\0QB(<Z]̃:	L㪏Sު:kMNI\0z`ēB0 }&d$HsSД(˚(}Pp,\\.|}]Q?c蚧vJIqJtˢ?#̫)?Tźs]dw4S03T\0shS\0\nF_5`t~:X=PId2#c/V>{\"2\\$8!RdYSbxcK ~j24Nq\0#\0]7ɯ~1L{3B.8ۃb/gt*\\c~վxֺɗI5g:̳*~ݿl.W]>p\0t_^]\'̕x̿/7wfF%;m\nPZ2-ܵfuYG)ҡaa&GlE 9~_Vi\"~6pyBcS`A>H.MRLgL\0گ%\\#x^yMa*2-o5p|%3kX7F<iekyhi_zwU0yuRaZ7l{RLͦ\00&>~qmÈ7Ԩd9h^i*H=\n|Q)˒IId܆\nKA(D]h`%\n9H(bE-z>SfӚGXtAѠ\\i?ķIØ~iz\'ިzcq=G6r?~j+e0|h(歓.aʺ|=E?\"QHu)WӺP=F0fbn`WȚ[jq\0H ϟ䠿TڃHфVT(>-N8zfȺXtXzt-\naj1\06\n7/޷\\]$i-UXP_m$]?lf5.Z:	sg6Du?g4Aiןީі9Y6T\\0\'\n~z.pܪCꞥR}Tzh\"!;(88cL\0fiT>e:ܾL_8m)5#`$3z 6K QH4D~JY6\"3xDbMڭARV?o\0g,w[\0lE3G&(@QcmEx)rJkDʝ=vY&NuH̎[qTUrDƜ3}mTYIpX/oʋDCɱEςjFDmKFre-A-j8FK	5\0%U\'CRLyK!%NfLD	 M06r{\0iĝǀxğh?2 [BHs⬂fJ&)\n)@p\"@%BXHb4Ee}%sHsgLS!\\4FlгMAN|vZ)^ܬ1r֦qV,Yot8:[{-x-:Qnw^k4t\'8&ѮXbLXgcN/Q/$5zkp͵R~Tɫj#M\"F&/YMs\0+SHtIEwk3ΦG\"O:&A2<1 e{1Z@eYhx3Q0Owf4moyG\n*cS22Cd\08ܕIgŨI+΋iho.h\'0|͆sPYJl=!]ӫ:r\\qzUN	JYCz[ǿ?fit2e2R5\\):ˍ*OpEcHpo^٭- IpO>&	ys<,Ry$)3bh\0d+.-Te(qŇ\0FHMa/?\'Ʊi=2ƕa4Hbg+\0M=y	)0+#\'_DQ9U4!%?Pt~/uc\nӤ@UŬðˆ	Z<0>\\Aw>pGrfmR}BI$R[HLL\0#rOhŬ.}v$nci\\\0g873-u\"Hi51aXqI/=GqN\\?2\0R9ŉE$xwYr*k\n	WPץ*3㭉\'^H0ƺq^]?%oǗ{g|STuj|T7t\nGnmLO57w\'CL*IVy{\\8mSY[Rޙf3m>\'NcWC˦n7NPо]4];Gl}Uei:~Ǉ6w=>Y/l!^ln<9%l}pqm`3>BTJ\'\n>Fʪc3q_fXYʩ ;M,3FAΜ%jmߞnByo+Pp\0RKdQQ\0Hz̲rXeR\09\"SӢ\nyZ)˲i2D^*7-%ian1B-䍃H\0KB#.\\L6/5A9+{UsshO[\\`,:U{\"bGFWv6) x\\5iy\"9rEQqi;\n7ǡUXܳAi`lA6Mg@rou8es\0\0-購0wi4*nݼ&0L1.	Btexxޡk*v(d|@ʭ-uaSr3c88lɞuV9~gE7.ꏪEoKͩ}\ny@,{rG?W8t\'S<$}\":Y/?s<elKZH0;^p3ai7e65(J=i,A&ݡtsU91XO;-cGHVO2W$%Bu8\n\0iUۄlӊ7#Ro(N#\\3ί/P\"tR:ςⰍ!͙zg Vݙ|mg~\n3\0m{ۼ_n\0{{1<\\(膚zvJ\"n\"YVkmTWqnfVk+ͪ48 6̅t!їP߿UiM\'WRvmhנ!KȷoȢv{ʷb(rI:m\n6	緼zPEZdv=odyW-YNVhUkS\0Wz\'b_K_x` 3z\']EέjfS[	ľ&l\0AGu~IC)qg\\B)I2LﺺAB#.9\\\'u`VPzx ۍӌKP:eF`%C+DgRp97]Rw#b?5dqȮHQ,h&9mE±{-ؾR3~-|±b7#/W@&+SrVr2XN}ʗ\n)GX[4rQxTnhj:-T%r*,4IsiP@P(ձ\0J9Ӝ#H$H]MLU|X!G;wyw<}Dlǝ=!1;)L7Jd㓭ܬL\0·MqSXLKu;Y/pY-k-JKu4\\1w.[Co\0Q]^8Խ8M<1!u͸qiڞ1646dI~L%W x/9~UEL35N]{*OKַq!{#sT}?g6v&QlкePf4^5h.w0\'Jxz@&MWC.Lsĕ_IEz$9Uhs@u]V5\0DZosX|ŋ7*y,$Vr\"+;wYj\"vIr\0\n~){Fd`::n|3{Ӟ62zlw\0WXA%ɱ\0-\'XKd67gIL]]4*EO1Ho>cUe\nWni],8#1t1(q[9|{KƠ	f3Ѥ\'t*\0a\"5^G=ڶVӘLi<|WIиF}\nrg,kF@TTS\05vU33T+?Xݧ65d3uF7i+mp;S6pƈ\06͑8\0%]K)/3c	6e\'ZjFWɚ<OG1St 	nge\\Nךҫ\\Sc ;]\0?^o[<x/_rNi(֏ԫ֔>6WGC\0w?,Zv\"0n.k])kn~wUa# 1\n9*1II:cs1h!\\p\00p?Dr6A#4ܴwڍ6<5eZ\":;_{_mScs{.(gep@CJ22K%q/\n\"\\u؂://cvs2Ccyu\0B>\\?JMq9g$&MWޫeEO6;!\'E&c/	6ub;Ĩn̩Apk!:4%bsjʥ`,2Z{ܐaoƧ#\\m#=	\\g&_\\ 8eq,F\\hό.}׮抯uH\'Vkߚ/чM,lCGԙ|wʱPpc.(46話yIaG5@.x]g0yj=RG|[e|Z\\L\nr|ʨN\'T8N7\09_3\n\0%p8HpScT?ܪjI\'n-0+^doW9Ƶ\\۠\n48;Wd42bz.UuI9:QlbkM=F3Ld$(E93eÙ(Ar$R^Uc\\dMJcHl7MyN	w-&y-xfIesI?c =ҩx1NjO_!%n,ngk2^>8ψ\">JÔJj9Ē/5Z@˘:Y4]c\0\"yY͸%ii`ȸ>d,\nNNt#\nP=7\"/\0x+gm.S܋-ޔd|O$ja\"H7Z $IB5, 4H% Oq2u\\=Ozւ~u!OdraSvS3EF&8J-^3z\'H3TPѲ!!\'bCZ< \0\"i<@d[cQ͖[%3_I>భg}O1`OfvxLjjT=3j:mRkaht#W/hI@ʭf½1kI*1تqnϤwBdSw$yfg$[V\\9+&u\\3ml5ov	^3Vt*ٱ(=s&Gȫ|4?P]Tbpv3k~ʹ/M`pv4sWZ9 ܪMm۽GcH3aT4{PcHx T\\t[U!Tz^^SZ҂]֩Sy`73%fxk9]澚.X,Z/=CZTl,A(h H#s&?NIЏeX&ZZnDb|Ŧ(\\VŸ	.^cDbVUǿM(Fw-T~s̎IT9QKyhſ2֮Ӆm(gXm	W\'>z971z)ǻx>`7xqh߱Y}cÚ_JcrO?UncsɵS/T̠ |TxZfos\0Q6ا̀jJ~nJ``Q6:(_W*S;PgV؜-vESS`&dTR3yUz/o9GYm6J/V`IEYU6	N@ZLu\n3yi\')E=ǚDIOdY{MMkZFRZ_&+}~+(bl/\nUΐBfQHlf^Ȥhj*He9$l sOe\0Lr5NEmѢmBYx+꡼D\0ߚEDAS|~j#5@p͇$R*4ҔLsI=1:Qb]u(`~FEm\'MILH]ov]s\0cǻ6ܫ.YIcAsG鼓a1=HbqXJdxecU \\]9y.p)6ju\0\0c*ΖQ)a=CMRiIcb~Lqo5QKfcFzd{cMژ\0D7eM{\nh&f0M:`\0 D(lF+쇊7KvMd54k<1\nu3ȩpmO3Ƭwagmuzľoh}joze-7l\ng7=$?OI\0o1ͩT*9(dvOq葻1I6dl:[s!O,ԧ	@j%{mDQHO!(QКB\"Aqq6Fh84\\uS5wL$29]7altYμI08Q+gNl	.]WS*ڨHq˫quQmG5\\0bGkk+Y/ixt\"m#e~W6vf=`}OgL#cQp/[cypeZeI\'儗 +.MYD>[\0%jww\n;\\=][e(o])u6P+A̝[SEFLŚlE弣xN6:؊6;ZUX52$tMɍ4ik$~~Lqf:g}q-T:A+;5kVʽLi\\5v;VƐ\n!z^S[K6wOB-+;/X֏4HaS!AXbO$U)!?dOX-JS}5h4\"GBsȆh;bBa+2Us&Ii]Z\0\0䭟JRV<LbBRTڍf 	ʍ\"v۩ܥa2j	!?4bV*VnĒ$arRKRl@ClAB(JA5E	AԪl(P:yRܪO`-ˬ_5hZßΞj\0(+mZX>wU\nx\'	\'P̒PtOGFC݅z4eYհ\0FUP!RAG_4ћ&%!R@|jhkrSa1ꎆ6V<b(k\\@<UfbI!J;NeC.QC:JPN9\0%iJ	Jzh \00	PA A2!ʃ:˟TKDL26W\"AZĩɱ-3ՑQ<YSm>k	B\0dAuVv;.[8̱ƛu7}!,@Teh2K|{2e/k*P8H6vTuHh\nZϢt ï\0S*AA* Q;0tNeudO\0O,TLB:?Eğ0/k;Rri{44H:-YIVi&_&\\ FVk ;*:B]B8\\)0<`~H:NJG`!)<\0$s#tO/XTg879Ib-1͖cuic[L[o4H717NjƲ,LUħۙE:$lDRlb!Ad\'X!\n0%DTE:*ӮU{jgF}vQvܷN*,RL78%tFE(VdP1%;-67y;HQPվ.fGZ<N	7Wc1vޙh/CWMllBѫP	tPMvYy[QmR@*63Bqɷ4	U-8OzW1GvS<ϡL̙6\0(G&@j\n90 =&1N#TYNY@mjZm6qo.-lK~#DTiw\"la\0	i}FycCږιch*T=u!4ܑ0_i\\{#P0OryA 7LdHNU->i<7Tsy \0tN>HxS[&w*)µyy5n%r\nkc%KO&d~]z<\0[L$N[.{½hkD\0RYV/9I)UfXN L{ٻ^eOD	O0BItw(a l@%$=5Q%d(.CXMkQNPdZjG*q&	TP#gV=>(+DFN5,N^iRFwv!o0Z|JgP[Ǳ-0\0$A<݅(fګ]\"\0;8#tjcyBEO D\'rG>=dZAmA$,Ϸ!v(u5DDX;(&ńsY&el:3<?ޑf:/Jтzxt!(AbP)!2TLm픙E()Q[3:?sњ:G\'}X\0.kS1}nf[M?A)u$93J䖼i&}+I	1ԇlBPFPF@	mMJ	A8\"-N\0D\nP0DB0BT4dRAH	-%0@F2HIND!d \"U@Dٕ=T\"O.HWbRLͨxF\">/C0Dm%v%IcOP7qWM\nƦvWIK~CNKF\0FB6ИA9$nY-BQ5,2Ӭ6L\'ZRrRP%\0F a \n4@\0A AHaB$N(WBk6Ag}/^geqMY\\U,vDcjN۽l2sβʔƢ~oתDI83[[b39tZ0Z<m ϪjH)<iw\0V&mDJ~YcIg8Q䆇4C\\H?ZFDxDuYrI2}=\0|U~\\#QQ.D\0x:qU7/ahޤes]{0mmUыhYgaT9d)4rcS	$L̩\0|pJU2x~yh\'O>w_ky嬕/G8j~j\"M\"UG\'InLW*FLɭLo_VH5m;^X4\'V-TẌ$ LDS>֒+&m#U0\\dU81j(b-am0	p&<4*++FdL%(YҙsA{KM{\'{NbKj5&Ik{ꪲ<^\02 Z|ՎKT$,7G]:Mu:\0KR]#(aVe31x\"g~!u*\0H4Yc\\J$\"B\0,ljIE \0(9$	D!\0G	M	[\nJfA|%ݛ^$!uRILT0sU=$}DǊoXHgcq9mWWA\'hw4u>*U (K1yϦ*Wm΋?\0\nL`\"BY͝LWqiVբlO-QL$p؛u0A*9ns,;iiDtHce\n_lY|.)hl>l2UI	pa*\'Fy.G:mF\\tn?}TZCs;7{mَf/`viPķ9uJ-Fhe73R\'SEE4\"̹Rie463DC!%Nf^3HO	tUdpVN(R\'e!ȫ:J<>l7??EM(ڞ@ly~?2ۃhp![OA4h%}6	ZRRu#enB4$>\necQL$&NK\"#[{#>p\0+;xvkÉk\\;#%sCz\0<Orӊ\\NE+~;\ntM=cxN)ZDkv8܆^&GíWCni۬VcN?.an5or,\'\nu67{G%ώ.H@lkz,,ng\\\'L@})Ky1SRz@&fʁsJ6ОdL[:B~-\"ne,`Zw99NT3̨+o-g(|}8&oRem̚w,sj\'w`HRwTP(A@4)-%Jԉ0q\\ⰒؐңR	A*2Ԣ\"P%ȮB(\"mHR&(*	EYLq:H]VqmU>}FXLd|t>}b.2S%;=ci6Wɩt\'>;+ოwG/|EcEEI}5|\"PicwT>^(_91Hy$~IӃݭ<UL\0U?̛ɼpH%#Z\'sR\0?,҂L׃+fR	P)$AD6\"@Z	aZQL	N9\"YԊ{IqGs+ Ⲷ<JwOw6^c;\n3r-a~CnJ(Sv<\0EUWe\'=;c2}eCqL#2j~:ar9~8wly2؎w.[EbȎ9C|PjROp<`O}pv\n<_!N\0ԈtV&\07?K!Zn#M\0mUxt|$\n/aBn¾_MM	Sc}\0E7ΨϽ\"4+|3V^zkOID<w\\6Ԣ!_;~C7\'64G,p$Kmnj+ć$|$oKǰ	!#ƧjDyc7LUi0A<USq_KjUkF\\NSTE{=z*|~aZnZD VxBݲmR\"\\̩u\0YF	ѷ0csNŌ%YWE5n8ly->EN`Tvko)Rj`Cf|Uj++xѷ#=VSkP<8Iո܅:FVfhy.aޚ`0Jc#O>]*Y2LXXY)f,R=\n Ⱥ#`XDIǷlfO\0·ԥ?*mR\0oC`~e3(A\0އ	䍸t>\0$Dvn0;q]}u>2rj?w4$Ug\0?\'-yF	ZFs#Jpuq76	7z2,	6;UʁV]//ƀ-	O>n{4X\'T߷j>[tpfG#L	s1^[7Ytʌ02l%G84[kRk@I\'MkDiVBޗ+\0d2ІBe\'U#TUSX#<\"-E*b2%<JL%%\0rh%R^6JE\nj	LS!(At\'%F}A	<bwU41;OښLµD.yO(f.oe`\'ZlE},ޥex-xc	\0EGT2͌jȳ&j04l7Y5\\A I2\nqאoaZZHe-i<N!EWc\\[=q)x+x	7\"˽p;ayT>p\0~kUfCX>kN@]%yEē`*7N&#(Y viXT	H#hGB,pLb4v㚮]θ[ng\0TXkĴRmnJ{+&$\\n\0F\'@A\"PB\nA&QʄԤ@#V\nB\0%RAhI 2 ;\0\\#$e A 1idus]=	\"z_ǁZ^e`b\0E\n90˼\n8<rsBHO2%D.®Z=\"/iV\\jv+^f\\%SqEp	$o+C1%Ŭ1QGȑMp9ֹUe(?H1%Tq=͆4 ސ{6$}!fUݿ`0K庡{2OLi\",֤XE(PaR\"T\0dHԐj>J7b8FI%@,t4c!g#UQt}腐jf/Md,%U\0̂̂	tXdd!>Pn6;\'EB#dLvOO5AON	qpL	9o:<bʋ#ݩy:D#3aY$UqU)7=(W\\8`Pkv1b@(h\"p\\(5%-AYX\\ۙPjV4@v-/k%_x=Urbt?SsArп(IkS?<\0֑Mk\\\"f%E91%[͖o\n;cY$8L\0n6?	%]R)9<Ki2\\a;\\:sl-M>V\0-=IrX@<ǟ%S^:y\'d-p,]8Y~Y5,H,2Uo1̓ukN:9*c\"\\79ޟ[+Xû=Ui蘬]RۇN\n	tk	:*NWTDGoDxaU[\0J@eD^alαAݕc\0c[7NNJOQ&HڔhrT*vQHuLb,h 	.GV=Yknzzم@afm1ø-zpnc1Sntv#<\n <L@Ba1oe7@*vH,C\07>4sEO\'%)b	4jFKA6Vy.Z)5tSY\nդë3\"l=Bɫ9|3e􎉿T<g+5/߂\\]	e68ݾ^G\\Ɗ%XWc2.xbcmZ*e#,n\\3Bh2~݌bN\"O4)l`j?[ʅ&T\0GQrޣf3eL\\VZo歳J\\&}T5{\'%HT(JHPP\"!A@XhAB	)<HDH}9N \"E-KrA7J.\\ި6.spbvlwX\\jׇ4q{)\\q\0DGe<ܢ8גrQ];0Ч,]!6,I5丛Be&#{~\0 Em$bf~&Z1\0.[>!w++SfysECJ\0cnIԙisYJ.{X\\MĝdLcY|\"ymϨxj !2Z?8L8A+^z-\nT!VU8\0g[Syw=Rpv(J0F$T\"Q((JJ\nndPrA(#dmr0	ƦL \0A( DJ4%D-(ڔXRJJ)%;~8تF$cºANz7u<_J\'\\᬴U4uZWp7s{UX\nk[dP9.wׯō%g3jES?4p3`Tn,ŖM!s̻]lKfMʷtZϜlkpiK<-9ptߒؗVKLkENUVUlCN^~mt豲ܪuQSsrfY*RePh \nMӏ#F#AX>\nu\nNӾҝx]T.dJReT)V!&\nI<(ή;XvjU&sL27|=]<3b.?rW*kH_pR=Աe܉`Iv=hy?5JݦQk72sP?qЫj<@bZMIvoi	ZlY042\n-i62yϛ\"xJn>=Y3C6*އ5OX\0%O+C8^6U9uEv\'8~EZa+BIP_\"LDM?O>y?OAvG1%0	?{O|	]Cݎ>/Mߥ4ы\0Qn,S1q֗t`p><0ɏ˒]1dSVU5*ϢHE-XSbGxU=Hc#*{B-ЩTXA,{3O%ddQ];}G& 6og1I-WȋmX7GYրLYbfT$Gt1ϓe:Ʊ7W*<NZv*z:DgsrwHp ;.H@ٿ6(I7L5^uxPڄYPl1u2粸h\nDBUg90eC-Vڭ;i0,!lh.\\};Slrn\0%`ƙ\n;כ=HIpKDTo	ADP\0 AԘN\",ЅKlMaUXP4C\nGeGm[6\'0N-XM3 L_h^R(aτ%fƴ@.t1#`\0fX\0h/36,mDeuWЋ_xZ|3Ú,Ob\\ڰ#qZM[г|DZR06\n JK\"ʖIrL;BFɊؠVl0ti2wY$iqgkޟP@6X56DKTm&ۮeA#+#\"k6tbjih;GYѓU}2m	nX2v!țoeadOğ5ZU[E(4; in(t!	F\nIڑHJ$ABԂ(P(J$J. \0Q#Bɚ6?PZ]&SA61m䫍7QAQ+9FN\0Ofm[K[;TT\0s%ڧ6TY׳HL9*8181OJt\'<	Rxpy|su*v)vp%BXLqHtԐG)=8 Jm)(V([ü6*\0Q)ZR*0\n=S)\\ {KJ,IH\"BR͆$SP(K \0\"P@	P%J.ID(\"E	H@E(Jh H#!o4Wت[?i=X\\+bEȟv|l\'L>y^71$}*8zMTkD=NU,,-kW`,Y7E@x1dhdHAWqz-@l\'F=K\n|0~\"?f7sh9N\0/cY~hi1=V\\\0mY6tV6jEZ4v䲙,:yuӭ\"OMYBLu&0>;LˍIkd-Z.E=cEYftT7:RH3Dzd?%/Qns{+BAEk0\nD):6\"X%J!2 QR\\REB\0XCDT9L5D[ouL|!-\0q\'Iޮ6ї&T2\"ڕ\0Mn2̩Mhx\'!t`{˞;NdXlFQ*(#DU$`rb>? 5V:]`$S-yT{¬ˇ5{Wk7L_Vӧz.Y8ѢR->fTȺAR<­C\0|kAOkS.\nQ==/Z8ZY$\'58[Ң.c2Ly~þ&9[ZƄ\\[ BŒ#~=Ch`\071ngZ8L4{*l3ԎKH@߼)`6ULBp#E\n\\(P*+mH8vNer{ZZ`I6tx#v2:|̹ɢ&9ےnL${nb*1͉1zrǒsD?SicuA7+)چAnZla(,VS#+G͙QT?%o	)XQSF$\'0*@+˞ѡDR\\Q(\\(FD`\"r4U9)HOU-i;mzk,{P.cul`4z&I6X!>;X쳹zkacu(8sNg)uA#q7(gtL>o<XUs&\0C&߲I:8ZQMY1WM\'pkC]\'s\0|²]1Xh7I;\0nAT97 ̑se#0ϩR\0Quth\"uA6]~,{Sdo[37oY\\}ࣿ2jXopv)xA*g4G@٬vmJ6Qk~#U_Rİi*><`3EzGTg\"{VVQ=nDWCC1>I{蝷<0t@5W?E*v0F9\'-4i}y3O+\"AOQq]3qiQ![0?ɰ˸OәiQ}l8r/X\\֭+\"I÷&	}=qµ\';SHg8Lh\"2y+*h𪳺\0.1S:|җdU~iCT=Kẗ́h_̩?6hIHʹ?x:Gw\ne@1}R|V6p o~{(U1K4Bj\\k\nca7lB~{	ʎקIP\"!7(J$ΩH/*zQ=EDdԺ|S*Jd6lAm\'PA|5$w@۲ZOM|-Wm6vb|)eS<r}cƍ`％ո_җgɁa5{}Vo6֡%͆3.ȃ/#b;Zo&I~Ǆ).7*):YL~ Jߎ%:\"y?C޿T|@|rCCf6ŰT2a1iD[WR}\'j=n@n;Q+GE^<{Lvx;\'R%jx:Q\0Y%lԽ#uDUsϊؚP:0Lͫ&rʳ5{>W8֛㩀<V|_Q2	IiFڍ\nLT	IE\0\n5(2Q$j^zhJYrLGP@j$\"QQ%.QIqShdM{]`cעxYRBʟ0}b9aOA5FuA-Bvn[D&*b4<dʶL{V4-$%}85ݒ9AD2Q PPAB0\nj) `#@Hi.FēFf3CkQh.qݛA{~	L?gȭemz]&wԫqE4Q#J>V\n	߂Ѥ?LsLb1WG59JYC{[\"QD.!a)\',RqTTfql:A.6a\'UK	#Iv	2d,iA$_`t}|kS\\YVy!IR2\0_&7lycMS495N$#]-Yd5n%כ;CE[qArU(WdgmYX\0@%d3 .>j=wT~Eu2a@m&zi:wKr&/+S2Rv4bKs<j)1XD\nf#9O\0)cv$Unг\nq$<&%O/%F!k_[`)v,K$lY0>a;uZφ)Twf|-Qd?UQK5[*1pA+@U6[#A(iLҫ\"FHo$T{]@:p|Hs؏Tۨ#W/6tOGg<LO-18ߚD6Zz1S%\'wbʞ0&fywz8g@K$h:p<\nRS4XYTY-$<{:&\\>WcY10O;{Ԑl}\n64p\"!1&%S;$d%6d DߢA(hB9a$|\"D8~aQ7*Qc!>N7RU`rRMGՈA2`OOkΚv_3Td۪esi42nI%iSevuO\07yӴ7R{*?wk~U1z]p:Bx-\nJdʗ=7=u	x,ؿUM]s	\';X43.$؂fTuA{mkPnu_Pih;m)3<b{)KU1?u6:pJEJnYMY\n\nEuL\0E+!Ŋ$MxNC8~D<:6)RPRB4a$	$\'l\0RFTcL;,\nprPL\\rjg}0ƑnGЩ̉T$\\0v̺yOOF/R[VN}B=8z.{|WOt\0&vWYiޝ, \"vct3;q1S(90w58IDfTj\08ׄÂtIw!OdX(xA6ǒS MN4$\0,өǺ*qIҀW:Ly)56QBOhuШ`tޣӬJv=fmBEXU)=x}#UHtO;{SEу.|ܙe[^\\H*,ƑI>OD+޿Bj7ɏ_KԨKkPMJI\0Jhl!(\nFRHϯf~Ġ)<E5rl:-{I3*kŌ-_:.\0yĮg[	WR\'[ÚfK{h,kJRu@߲5BOzƕyz=DԚXC7%2*z_rTRQV/&!#UgU?#.I~u~ >#D̯\"R(?>CIaL	ie,\"R)Tx|Ƭ[1U<@[*i}qqN)?Rbtesul4H\\Guq86VΠm\\G	>N@8I7\0sS0ILv!J`OZ\0\0\0F9RD̺xVAw{FުVITago)-գNγn\0w>GNp: oSOȕt0F,iХ{~ʷ#dD-0̗%hOҩq>;{RD(	%9)6dD\"JhD@h\0i(-IpK0FZ.0<@cI;łq#O`4e/ZZV zʉT@yNɲmcKUhQ\ncn9&F|Y:PHs?E{ӧ9->[=ao	9ts\"ଧxv6\0$-ôo9&	pk:ϦES#kD×]2+`f6FrnM5*0}%h-X[d\\b.\"EǊa X?EҢp-x\".k7ߢ^x+`Cd@V<$\0cR-Y$Z4\"`h)%&+f1~1Pm	t,>!K]$up\0 :=~ܗ\'\0%^5 \'k!8V[((Pk\0Qcx78bI3_V%=\nv;e2z{HkJmVDpM$hhP.y{LT!g͂N&:ج-L+0Z=SּZ)mA%	N-A\"X2a;:X0eF|B\n| АFjmPdEnJKB)Qa(Ji ñ%h4I.@(caU x\\!HJ9%2T;e^E\nu@o[^aGH\0b\\-G	aY6*toV,-4}*$e#sgeQ~kgs?B,֐\'	DFpQ4E\n3\0)yn4=de;lB(T,-rN7eWXJIjR\'H3KLtX0ыuu|Fsv\n7],X0 @GB$KRPҔKQq8f:JN>YSs,stZz6kRi 	+W[d٧yP1T9r9Yf\n:mlM&ײ<eOp<-}\0Soz22N|\0b/m&><fdO!Dq	7iv8s̀Դ\'Z+$\"R\nPȎ&\nW;_[C!J%ǒ3iR+RB͔TTHAE089cr,fQy\"P(upD	ꛧtJdoH BdǑRMHС6rP&QG\nhVPP@h!@BQ PBQJ\0Pa)2Aܒ@PBmDJ1-H:qUaNf{Ey5@۪1eN>N[TPX:@*(Zm20D\'X+y%#g=)b#9_a1Id\",,p7.PSN<&BvSH,nR4yO1nKC(N?`=^_h#_`44[ !N5\'%̬Sp\0!\nȮ\na8ДH%Z*Hm	0\")E!\n8	<SgdSRiql5E?ļjk-ԧx#&*ToJԁ\0MNFzN߂Ĵ]gJ,\0iXۘuiD=&wTP 6>5	1qpqR}\\m3ڽ{Լ1XIߔX*;mx沫s-3]fc2?t0s-&AmJk2\0^g{<{#eoWkiX5;@8s\"@uSt.1s1)I߱j(T87v#ޯV|@q~G%q~Cc&&Խ;G+HbH]w7^Ic40#$;jXzAcMּN\"ͩA$U+k*9$mm8x=y4k@%8$zRi5]	[t6b\0FUq]3G|3Ө֑5[MeN=X#̪qcH[UL]]{K(*dcunI}=JErT(	sgNO%Ű(XM2,Ϛaq	;-crA枣A\nErROx\'ݷ;K6$c㾍6CzQͪ}?TcSStmViƑ,nRwW<ҢKjLOHb~^j߾ /Zl)O#~42yfJSU-lgQ.G˒جb7X%4\\\0VYptOM20*c?FUvTԹD@ԈXR)*2\n)$%@D>isɈ1@US}EsR:2V	P\n\"v޿-Di\0TrߥԌ&88^w֢6phF9DwiPCD$TZH.ĻBH}2L\nUY@aIHk A(.Ǣ&y=0;\nʠt\nѥf.uŌZ*&Z ,2Q#A&jrAA6~bG爵*y\"攛QiTWŲ8<Fh݀?4Et8\nXcGQ*%%)&$\nii)@2%\n%%BPjKDB3g3SI)ňEN*aH)Do!(A/6IJE\nAB6A\0ÔH , A%\n\\x>k5FZb~RXɩGf. a-&$XN+rEԠMQMh}T \0XB!6BpL\\KA\"\0(Q\'2|2yw-;2J`.~Jcr=T<N 0\\6ISx%V8^{MyU([߿\\N-<YhdN\n>$}DӲX]QZ\'i-#?H1v	#{%#fΒ7efT[H.dVCE2\"U_-\"^hbĴ&㢫5\'hҳ<m#t$-AKLuӒq@u0Ï$8R5 n)4*k\03\'d0}(&3Q#OQrS.hD0uNłpBMHtX;ROٴrUU؈*$q\'hnlqڷ%wF@.6\0XOn,sn	uL6#;^\"O	~xJEhդw&E-_%9e.lOR15Rvcq\0T<T~#bUh(Q>/\0DUpm/Tz-6!*dHeUN.Ä=\0ɱvӬ]G(]F1:߂dG.ri@SscHshPiDMgZ>~HI_]Hu<KrǑ*a}^B/}>$SZ\\ffkWKl\'[NY> ]bòQ͗DxBpc-oUp1[(9` nmy`)1mDŻHx*NI#$q3\'q`i3rkdo%\\Ύ^\'T$#5C\05Ĵ_,ʭ)8O`0,u+}Pr\ntw7?SĂ;$@ybI@RZ1J/:(ǵ/8KMIsW\'*~|-73>\ng8dEZ	Si~9g`wYTT\03fif՚?$a繅z:\"NYhlTT`2˻]a)[]w$H)<\0N,Th	\0Z*t\"^FB#eF6lL#s6FW6 XnVy-[S:9A%I.\n%#ob>@78lWKɺJ6wO~C,m3eBD N37u]Mǖ)5NI*{1\"\0DjS5C-wqRC&ݓ\"ڧ_fZEk HU8#C R*ABaIA\0D*d\0(Z 	0V#AA:RSP/jLDz;J-*K\nRiS G:ЍD$#D( Pq^\\k1o_ Tpӧ\\0a*JE5Mն^=&k\'[H8\'>gk\n8CJԴjm{ע.\\q\0\'BZ\0$ϟcE|brO`)*̼A [K)D4=DJ R ѐ!\nAB&*JxM?@3NVL=`>\"\0V&ʩXO4MKB.G`~gsd.6Y\\Ґd@;{hŬաrRk/Np/SE*Crz!T+\nF{0Ot2COaޥP*\0ne{0!~,·Goc@8r<~U XۘH¥c6^QjA1A6Q(cs5b![Oc*Zts7ZgQ$sO0	B?%vh鰍^y)0oBW7+b0};,_z])6|-i|e@(C:HԩBC%D4g]Mĝs˒N\'DiDjl{]_%uXh&v|j8*U2eGaO)3h0xZFl<͙eZ{Xpׇ_VM\n8jk]`@kr\nN*ᳱ]f|\'kQ2Φk.hhԨRkr\\3TynaR&qa$J$^![F{Pலlcj1d\nh]6̣(I A+BolÚq.&~PԹt\0b9eE\\!vЮ\0;qgxwC@&.$\\6ɷFUkTXLsGM[x)Îi!5yL{,U3n)PCKgG3HἵtjGhwrv@	T3;ctBq$WEЂH0)!D}7eMaFk5,Q\nGH)<-&Ox%L?UF7q;%oп|&ip㺻`C쩔*|:Lj3xWJRb^:Ǌ3Il|K+Ʊ:r߽=G옹S@խ=|Āo2Jl]}nZ\'=cTjQo@Sk nAKm!hk۽e}\\}+\\`{|G$Ohci}@7૮$C)&	e^vIplj\\X=c75l,#:+Hu&a\\>פ7$7BxV*N4dx}~e(=D#}}͠{2!CՓ8c]	cS)(頊l-ȒA!hP%DKaI`Jj(Iǂ6%{;ĵ^/!<Pb=:j?,yH\'HX,Iڠ{y}7.	\0sG][NƸgG iilp97lU0t\0v[\\aqoa컦Cq7M>u[ŕ)זq&`R՜C67-ת!ÿUsCE2(@DMkg_aQx	BQhdZ`J%|8ȏ9V.%FT]/[,x$5Qn=4tU،Xj2R*Q\0E\\d7jR T١M0A;\"DD I@Z[Q4\0)2\n3e@jT\0o>*\'q[+\"<:+ˢdH`|LEi0M&@>fEeYd˩];3<rK+\0+g4 Ub\0Jc`\0b}<7Q.ASv\0)DEAXBF9 YUxvBeWhѧW#YV\0♰Tdy;\0~\n昰\\LE#AA @ T\0JAarIz\"EŢ6f{6WH$d1ʧ$^d0@֎NS0F6!Z^x@ldl-p#>\nD&aâTPҙhhM$WԦ4ӫȟ2+\n9k.+Q|ۈ>[?\n$e̡h3Xz1TCM(5mH/4@M5hVE0Ls.\0S)Hu.`w.>k35aeuSa;\0/\nm6D^`MIr*1M6\0.{\'ӽ?Oe7Cm_d3g8nϹeɯEu*T{E3WT.Ͱ\\\nAQ&vgRU1Nz\"Fm<f_q\\\0ck0xU-W 䵱Yέ}@|^9!\"Dcgɧ%e_1UA.?UX2O$\"<\0f8{ǴcmʑNڶkXL8=e]46KU\n9jNwuy%40@hr)[K|óEltf\\ڈˣIp*>|Rvr:fQO.2Q+?K /!E2ڴ̃A%s<]M܇3{ΥIs3jL$!ٱ}G>W$XV1$(nu>/V~ߥ3\0TQrM\'z|).[TSX?ie^\0Iu#oQlSA	8&:f|<qXe[JDp`Txft#GGc?ou\",6߯謨Spp;)Kˠ(FI	H&\naAE\n(FAD3ftJI<zZTҐZpʌnQEh7I8W?o\\\0ɫ]>VZ=h_fhv:NuU&CT|KTxV.h٧i{5uJ8_fAڔ12@@7?5]FnsOʠ=(1oA,p%8\nr\"<ի$OEnm&hTg:s)66NgFӨ3s3\')wpǲ@F\ntA#E\n4ABp&A	p\"\0AA ڛJiA>ު??30`!F\0Q\0?R9\0d_\0s%>Ǖ$O#Wg>EJhMa>\n~;u͢;ʱax)_J\07z֣dئ;3_g","$5Igs1Q23bkIo","Colaborador");



DROP TABLE valoraciones;

CREATE TABLE `valoraciones` (
  `id` int(11) NOT NULL AUTO_INCREMENT,
  `idReceta` int(11) NOT NULL,
  `idUsuario` int(11) NOT NULL,
  `valoracion` tinyint(4) NOT NULL,
  PRIMARY KEY (`id`),
  UNIQUE KEY `recetaUsuario` (`idReceta`,`idUsuario`),
  KEY `idUsuario` (`idUsuario`),
  CONSTRAINT `valoraciones_ibfk_1` FOREIGN KEY (`idReceta`) REFERENCES `recetas` (`id`),
  CONSTRAINT `valoraciones_ibfk_2` FOREIGN KEY (`idUsuario`) REFERENCES `usuarios` (`id`)
) ENGINE=InnoDB AUTO_INCREMENT=13 DEFAULT CHARSET=utf8 COLLATE=utf8_spanish_ci;

INSERT INTO valoraciones VALUES("2","1","1","3");
INSERT INTO valoraciones VALUES("3","3","1","10");
INSERT INTO valoraciones VALUES("8","3","5","4");
INSERT INTO valoraciones VALUES("9","1","5","2");
INSERT INTO valoraciones VALUES("10","16","5","7");
INSERT INTO valoraciones VALUES("11","16","1","7");



